airplane,employee_accounts,accountcurrency_g10,text
airplane,employee_accounts,accountholderstatus_g7,text
airplane,employee_accounts,accountiban_g9,text
airplane,employee_accounts,accountname_g2,text
airplane,employee_accounts,accountnumber_g3,text
airplane,employee_accounts,accounttype_g1,text
airplane,employee_accounts,branchcode_g4,text
airplane,employee_accounts,employeeno,integer
airplane,employee_accounts,ordinalno,integer
airplane,employee_accounts,paymode_g0,text
airplane,employee_accounts,sarsbankaccount_g8,boolean
airplane,employee_accounts,sourcebankaccount_g5,text
airplane,employee_accounts,splitpaycode_g6,integer
airplane,employee_accounts,updated_on,timestamp with time zone
airplane,employee_alpha,employeeno,integer
airplane,employee_alpha,ordinalno,integer
airplane,employee_alpha,reference_v,text
airplane,employee_alpha,updated_on,timestamp with time zone
airplane,employee_amounts,amount_q,numeric
airplane,employee_amounts,employeeno,integer
airplane,employee_amounts,ordinalno,integer
airplane,employee_amounts,updated_on,timestamp with time zone
airplane,employee_consolidate,birthdate,date
airplane,employee_consolidate,category,text
airplane,employee_consolidate,costcode,text
airplane,employee_consolidate,dischargedate,date
airplane,employee_consolidate,employeeid,text
airplane,employee_consolidate,employeeno,integer
airplane,employee_consolidate,engagedate,date
airplane,employee_consolidate,gender,text
airplane,employee_consolidate,initials,text
airplane,employee_consolidate,occupation,text
airplane,employee_consolidate,payroll,integer
airplane,employee_consolidate,stoppay,boolean
airplane,employee_consolidate,surname,text
airplane,employee_consolidate,taxcode,text
airplane,employee_consolidate,taxdependants,integer
airplane,employee_consolidate,updated_on,timestamp with time zone
airplane,employee_consolidate_alpha,employeeno,integer
airplane,employee_consolidate_alpha,ordinalno,integer
airplane,employee_consolidate_alpha,reference,text
airplane,employee_consolidate_alpha,updated_on,timestamp with time zone
airplane,employee_consolidate_amounts,amount,numeric
airplane,employee_consolidate_amounts,employeeno,integer
airplane,employee_consolidate_amounts,ordinalno,integer
airplane,employee_consolidate_amounts,updated_on,timestamp with time zone
airplane,employee_consolidate_dates,datevalue,date
airplane,employee_consolidate_dates,employeeno,integer
airplane,employee_consolidate_dates,ordinalno,integer
airplane,employee_consolidate_dates,updated_on,timestamp with time zone
airplane,employee_consolidate_messages,employeeno,integer
airplane,employee_consolidate_messages,ordinalno,integer
airplane,employee_consolidate_messages,payslipmessage,integer
airplane,employee_consolidate_messages,updated_on,timestamp with time zone
airplane,employee_cost_consolidate,birthdate,date
airplane,employee_cost_consolidate,category,text
airplane,employee_cost_consolidate,dischargedate,date
airplane,employee_cost_consolidate,employeeid,text
airplane,employee_cost_consolidate,employeeno,integer
airplane,employee_cost_consolidate,engagedate,date
airplane,employee_cost_consolidate,gender,text
airplane,employee_cost_consolidate,initials,text
airplane,employee_cost_consolidate,occupation,text
airplane,employee_cost_consolidate,payroll,integer
airplane,employee_cost_consolidate,stoppay,boolean
airplane,employee_cost_consolidate,surname,text
airplane,employee_cost_consolidate,taxcode,text
airplane,employee_cost_consolidate,taxdependants,integer
airplane,employee_cost_consolidate,updated_on,timestamp with time zone
airplane,employee_cost_consolidate_alpha,employeeno,integer
airplane,employee_cost_consolidate_alpha,ordinalno,integer
airplane,employee_cost_consolidate_alpha,reference,text
airplane,employee_cost_consolidate_alpha,updated_on,timestamp with time zone
airplane,employee_cost_consolidate_amounts,amount,numeric
airplane,employee_cost_consolidate_amounts,costcode,text
airplane,employee_cost_consolidate_amounts,employeeno,integer
airplane,employee_cost_consolidate_amounts,ordinalno,integer
airplane,employee_cost_consolidate_amounts,updated_on,timestamp with time zone
airplane,employee_cost_consolidate_dates,datevalue,date
airplane,employee_cost_consolidate_dates,employeeno,integer
airplane,employee_cost_consolidate_dates,ordinalno,integer
airplane,employee_cost_consolidate_dates,updated_on,timestamp with time zone
airplane,employee_dates,date_d0,date
airplane,employee_dates,employeeno,integer
airplane,employee_dates,ordinalno,integer
airplane,employee_dates,updated_on,timestamp with time zone
airplane,employee_directives,aspercent,boolean
airplane,employee_directives,employeeno,integer
airplane,employee_directives,ordinalno,integer
airplane,employee_directives,updated_on,timestamp with time zone
airplane,employee_increments,amount_u,numeric
airplane,employee_increments,autonumber,integer
airplane,employee_increments,date_d8,date
airplane,employee_increments,employeeno,integer
airplane,employee_increments,updated_on,timestamp with time zone
airplane,employee_leave_history,autonumber,integer
airplane,employee_leave_history,code,integer
airplane,employee_leave_history,duration,numeric
airplane,employee_leave_history,employeeno,integer
airplane,employee_leave_history,fromdate,date
airplane,employee_leave_history,leavetype,text
airplane,employee_leave_history,remarks,text
airplane,employee_leave_history,todate,date
airplane,employee_leave_history,updated_on,timestamp with time zone
airplane,employee_precision_amounts,amount_m,numeric
airplane,employee_precision_amounts,employeeno,integer
airplane,employee_precision_amounts,ordinalno,integer
airplane,employee_precision_amounts,updated_on,timestamp with time zone
airplane,employee_thirdparty_payments,agenthandlingfee,numeric
airplane,employee_thirdparty_payments,agenthandlingfeetype,text
airplane,employee_thirdparty_payments,agentkey,text
airplane,employee_thirdparty_payments,employeeno,integer
airplane,employee_thirdparty_payments,employerhandlingfee,numeric
airplane,employee_thirdparty_payments,employerhandlingfeetype,text
airplane,employee_thirdparty_payments,monthlydeductionamount,numeric
airplane,employee_thirdparty_payments,ordinalno,integer
airplane,employee_thirdparty_payments,stopindicator,boolean
airplane,employee_thirdparty_payments,thirdpartydate,date
airplane,employee_thirdparty_payments,thirdpartyreference,text
airplane,employee_thirdparty_payments,updated_on,timestamp with time zone
airplane,employee_thirdparty_transact,amount,numeric
airplane,employee_thirdparty_transact,classno,integer
airplane,employee_thirdparty_transact,code,integer
airplane,employee_thirdparty_transact,costcode,text
airplane,employee_thirdparty_transact,datevalue,date
airplane,employee_thirdparty_transact,employeeno,integer
airplane,employee_thirdparty_transact,transseqno,integer
airplane,employee_thirdparty_transact,updated_on,timestamp with time zone
airplane,employee_thirdparty_transact,user_id,text
airplane,employees,birthdate_d930,date
airplane,employees,category_f13,text
airplane,employees,costcode_f05,text
airplane,employees,dischargedate_d932,date
airplane,employees,dischargedtaxrecalculate,boolean
airplane,employees,dischargereason_f15,text
airplane,employees,dischthisperiodind,boolean
airplane,employees,emailaddress_f40,text
airplane,employees,emailpdf,boolean
airplane,employees,employeeid_f01,text
airplane,employees,employeeno,integer
airplane,employees,engagedate_d931,date
airplane,employees,engagethisperiodind,boolean
airplane,employees,gender_f22,text
airplane,employees,givennames_f21,text
airplane,employees,identity_f12,text
airplane,employees,imagefilename,text
airplane,employees,imageloaded,integer
airplane,employees,initials_f03,text
airplane,employees,occupation_f11,text
airplane,employees,officeaddress_f43,integer
airplane,employees,passportcountry_f46,text
airplane,employees,passportnumber_f45,text
airplane,employees,payroll_f04,integer
airplane,employees,phonebusiness_f42,text
airplane,employees,phonecell_f44,text
airplane,employees,phonehome_f39,text
airplane,employees,po01_unit_f71,text
airplane,employees,po02_complex_f72,text
airplane,employees,po03_streetno_f73,text
airplane,employees,po04_streetname_f74,text
airplane,employees,po05_suburb_f75,text
airplane,employees,po06_town_f76,text
airplane,employees,po07_boxbagno_f77,text
airplane,employees,po08_agencysubunit_f78,text
airplane,employees,po09_specialservice_f79,text
airplane,employees,po10_pobranch_f80,text
airplane,employees,po11_postcode_f83,text
airplane,employees,po12_countrycode_f85,text
airplane,employees,po_addrtype_f69,text
airplane,employees,po_careofaddress,boolean
airplane,employees,po_careofname_f87,text
airplane,employees,positioncode_f38,text
airplane,employees,re1_unit_f54,text
airplane,employees,re2_complex_f55,text
airplane,employees,re3_streetno_f56,text
airplane,employees,re4_streetname_f57,text
airplane,employees,re5_suburb_f58,text
airplane,employees,re6_town_f59,text
airplane,employees,re7_postcode_f60,text
airplane,employees,re8_countrycode_f84,text
airplane,employees,residentialaspostal_f61,boolean
airplane,employees,simpleaddress1_f25,text
airplane,employees,simpleaddress2_f26,text
airplane,employees,simpleaddress3_f27,text
airplane,employees,simpleaddress4_f34,text
airplane,employees,simplecode_f33,text
airplane,employees,spousename_f24,text
airplane,employees,stopfromperiod_f17,integer
airplane,employees,stoptoperiod_f18,integer
airplane,employees,surname_f02,text
airplane,employees,takeonclass,boolean
airplane,employees,taxcertificateissued_f16,boolean
airplane,employees,taxcode_f07,text
airplane,employees,taxcountrycode_f14,text
airplane,employees,taxdependants_f08,integer
airplane,employees,taxoffice_f19,text
airplane,employees,taxreference_f20,text
airplane,employees,taxstatusdate,date
airplane,employees,title_f28,text
airplane,employees,updated_on,timestamp with time zone
airplane,employees,usercomment,text
airplane,employment_tax_incentive,employeeno,integer
airplane,employment_tax_incentive,eticlaim,numeric
airplane,employment_tax_incentive,etihours,numeric
airplane,employment_tax_incentive,etiindval,text
airplane,employment_tax_incentive,etiwagepaid,numeric
airplane,employment_tax_incentive,etiyear,integer
airplane,employment_tax_incentive,monthlyminwage,numeric
airplane,employment_tax_incentive,mtdetigross,numeric
airplane,employment_tax_incentive,mtdgross,numeric
airplane,employment_tax_incentive,periodno,integer
airplane,employment_tax_incentive,updated_on,timestamp with time zone
airplane,equity,autonumber,integer
airplane,equity,code,integer
airplane,equity,datevalue,date
airplane,equity,details,text
airplane,equity,employeeno,integer
airplane,equity,occcat,text
airplane,equity,occlev,text
airplane,equity,updated_on,timestamp with time zone
airplane,fund_mibfa,birthdate,date
airplane,fund_mibfa,comment,text
airplane,fund_mibfa,company_id,integer
airplane,fund_mibfa,dischargedate,date
airplane,fund_mibfa,employeeno,integer
airplane,fund_mibfa,engagedate,date
airplane,fund_mibfa,idno,text
airplane,fund_mibfa,leaveenhancepay,numeric
airplane,fund_mibfa,name,text
airplane,fund_mibfa,newbirthdate,date
airplane,fund_mibfa,newengagedate,date
airplane,fund_mibfa,newidno,text
airplane,fund_mibfa,newname,text
airplane,fund_mibfa,newpayrate,numeric
airplane,fund_mibfa,newtradeunion,text
airplane,fund_mibfa,noshifts,numeric
airplane,fund_mibfa,noweekswork,numeric
airplane,fund_mibfa,payrate,numeric
airplane,fund_mibfa,penssalary,numeric
airplane,fund_mibfa,tradeunion,text
airplane,fund_mibfa,updated_on,timestamp with time zone
airplane,fund_mibfa,wagecat,text
airplane,fund_mibfa_header,ordinalno,integer
airplane,fund_mibfa_header,runno,integer
airplane,fund_mibfa_header,updated_on,timestamp with time zone
airplane,fund_mibfa_other,apprentice,text
airplane,fund_mibfa_other,collbargee,numeric
airplane,fund_mibfa_other,collbarger,numeric
airplane,fund_mibfa_other,company_id,integer
airplane,fund_mibfa_other,disputeee,numeric
airplane,fund_mibfa_other,disputeer,numeric
airplane,fund_mibfa_other,employeeno,integer
airplane,fund_mibfa_other,ordinalno,integer
airplane,fund_mibfa_other,penee,numeric
airplane,fund_mibfa_other,pener,numeric
airplane,fund_mibfa_other,pension,text
airplane,fund_mibfa_other,penvolee,numeric
airplane,fund_mibfa_other,penvoler,numeric
airplane,fund_mibfa_other,provee,numeric
airplane,fund_mibfa_other,prover,numeric
airplane,fund_mibfa_other,provident,text
airplane,fund_mibfa_other,provvolee,numeric
airplane,fund_mibfa_other,provvoler,numeric
airplane,fund_mibfa_other,schedcontee,numeric
airplane,fund_mibfa_other,schedconter,numeric
airplane,fund_mibfa_other,scheduleee,text
airplane,fund_mibfa_other,sick,text
airplane,fund_mibfa_other,sickee,numeric
airplane,fund_mibfa_other,sicker,numeric
airplane,fund_mibfa_other,techfund,numeric
airplane,fund_mibfa_other,technology,text
airplane,fund_mibfa_other,tempee,text
airplane,fund_mibfa_other,updated_on,timestamp with time zone
airplane,office_address,addressordinal,integer
airplane,office_address,bu1_unit_f47,text
airplane,office_address,bu2_complex_f48,text
airplane,office_address,bu3_streetno_f49,text
airplane,office_address,bu4_streetname_f50,text
airplane,office_address,bu5_suburb_f51,text
airplane,office_address,bu6_town_f52,text
airplane,office_address,bu7_postcode_f53,text
airplane,office_address,bu8_countrycode_f89,text
airplane,office_address,officeemail,text
airplane,office_address,officephone,text
airplane,office_address,updated_on,timestamp with time zone
airplane,payslip_history_deductions,amountvalue,numeric
airplane,payslip_history_deductions,description,text
airplane,payslip_history_deductions,ordinalno,integer
airplane,payslip_history_deductions,ph_id,integer
airplane,payslip_history_deductions,secondvalue,numeric
airplane,payslip_history_deductions,updated_on,timestamp with time zone
airplane,payslip_history_earnings,amountvalue,numeric
airplane,payslip_history_earnings,description,text
airplane,payslip_history_earnings,ordinalno,integer
airplane,payslip_history_earnings,ph_id,integer
airplane,payslip_history_earnings,secondvalue,numeric
airplane,payslip_history_earnings,unitvalue,numeric
airplane,payslip_history_earnings,updated_on,timestamp with time zone
airplane,payslip_history_general,coaddress,text
airplane,payslip_history_general,coname,text
airplane,payslip_history_general,employeeno,integer
airplane,payslip_history_general,engagedate,date
airplane,payslip_history_general,givennames,text
airplane,payslip_history_general,initials,text
airplane,payslip_history_general,occdescription,text
airplane,payslip_history_general,payroll,integer
airplane,payslip_history_general,payslipdatetime,timestamp with time zone
airplane,payslip_history_general,payslipno,integer
airplane,payslip_history_general,ph_id,integer
airplane,payslip_history_general,runsource,text
airplane,payslip_history_general,seconddeduct,numeric
airplane,payslip_history_general,secondexchange,numeric
airplane,payslip_history_general,secondgross,numeric
airplane,payslip_history_general,secondnett,numeric
airplane,payslip_history_general,surname,text
airplane,payslip_history_general,totaldeduct,numeric
airplane,payslip_history_general,totalgross,numeric
airplane,payslip_history_general,totalnett,numeric
airplane,payslip_history_general,updated_on,timestamp with time zone
airplane,payslip_history_messages,messagevalue,text
airplane,payslip_history_messages,ordinalno,integer
airplane,payslip_history_messages,ph_id,integer
airplane,payslip_history_messages,updated_on,timestamp with time zone
airplane,payslip_history_statistics,amountvalue,numeric
airplane,payslip_history_statistics,description,text
airplane,payslip_history_statistics,ordinalno,integer
airplane,payslip_history_statistics,ph_id,integer
airplane,payslip_history_statistics,secondvalue,numeric
airplane,payslip_history_statistics,updated_on,timestamp with time zone
airplane,payslip_history_user_amounts,amountvalue,numeric
airplane,payslip_history_user_amounts,description,text
airplane,payslip_history_user_amounts,ordinalno,integer
airplane,payslip_history_user_amounts,ph_id,integer
airplane,payslip_history_user_amounts,secondvalue,numeric
airplane,payslip_history_user_amounts,updated_on,timestamp with time zone
airplane,payslip_history_user_fields,ordinalno,integer
airplane,payslip_history_user_fields,ph_id,integer
airplane,payslip_history_user_fields,updated_on,timestamp with time zone
airplane,payslip_history_user_fields,userfielddescr,text
airplane,payslip_history_user_fields,userfieldvalue,text
airplane,settings_apso_tax_codes,ordinalno,integer
airplane,settings_apso_tax_codes,payroll,integer
airplane,settings_apso_tax_codes,timecode,integer
airplane,settings_apso_tax_codes,updated_on,timestamp with time zone
airplane,settings_bank_transfer,amount_format_no_dec,integer
airplane,settings_bank_transfer,batch_auto_update,integer
airplane,settings_bank_transfer,batch_no,integer
airplane,settings_bank_transfer,beneficiary_ref,text
airplane,settings_bank_transfer,co_accno,text
airplane,settings_bank_transfer,co_bankname,text
airplane,settings_bank_transfer,co_branchcode,text
airplane,settings_bank_transfer,co_statement_ref,text
airplane,settings_bank_transfer,date_format,text
airplane,settings_bank_transfer,eft_name,text
airplane,settings_bank_transfer,file_format,text
airplane,settings_bank_transfer,has_1_header_record,integer
airplane,settings_bank_transfer,has_2_detail_record,integer
airplane,settings_bank_transfer,has_3_trailer_record,integer
airplane,settings_bank_transfer,has_4_contra_record,integer
airplane,settings_bank_transfer,split_pay_code,integer
airplane,settings_bank_transfer,thirdpartypay_transfer,integer
airplane,settings_bank_transfer,transfer_descr,text
airplane,settings_bank_transfer,transfer_no,integer
airplane,settings_bank_transfer,updated_on,timestamp with time zone
airplane,settings_bank_transfer_value,field_length,integer
airplane,settings_bank_transfer_value,field_position,integer
airplane,settings_bank_transfer_value,literal_value,text
airplane,settings_bank_transfer_value,opa,text
airplane,settings_bank_transfer_value,opn,integer
airplane,settings_bank_transfer_value,ordinalno,integer
airplane,settings_bank_transfer_value,record_type,integer
airplane,settings_bank_transfer_value,transfer_no,integer
airplane,settings_bank_transfer_value,updated_on,timestamp with time zone
airplane,settings_banks,bankname,text
airplane,settings_banks,bankswiftcode,text
airplane,settings_banks,branchaddr1,text
airplane,settings_banks,branchaddr2,text
airplane,settings_banks,branchaddr3,text
airplane,settings_banks,branchaddr4,text
airplane,settings_banks,branchcode,text
airplane,settings_banks,branchname,text
airplane,settings_banks,countrycode,text
airplane,settings_banks,updated_on,timestamp with time zone
airplane,settings_company_third_party,company_account,integer
airplane,settings_company_third_party,company_id,integer
airplane,settings_company_third_party,eecontribcode,integer
airplane,settings_company_third_party,eeindno,integer
airplane,settings_company_third_party,eerefno,integer
airplane,settings_company_third_party,ercontribcode,integer
airplane,settings_company_third_party,paymentref,text
airplane,settings_company_third_party,paymode,text
airplane,settings_company_third_party,textfilename,text
airplane,settings_company_third_party,updated_on,timestamp with time zone
airplane,settings_costcode_breaks,breakcode,text
airplane,settings_costcode_breaks,breakdesc,text
airplane,settings_costcode_breaks,breakno,integer
airplane,settings_costcode_breaks,ordinalno,integer
airplane,settings_costcode_breaks,payroll,integer
airplane,settings_costcode_breaks,updated_on,timestamp with time zone
airplane,settings_costing_general,averagingoverride,text
airplane,settings_costing_general,company_id,integer
airplane,settings_costing_general,costcodemask,text
airplane,settings_costing_general,proportionalcode,integer
airplane,settings_costing_general,updated_on,timestamp with time zone
airplane,settings_currency,country_code,text
airplane,settings_currency,currency_code1,text
airplane,settings_currency,currency_code2,text
airplane,settings_currency,currency_exchange,numeric
airplane,settings_currency,payroll,integer
airplane,settings_currency,tax_currency_code,text
airplane,settings_currency,updated_on,timestamp with time zone
airplane,settings_employee_alpha,alphaname,text
airplane,settings_employee_alpha,ordinalno,integer
airplane,settings_employee_alpha,updated_on,timestamp with time zone
airplane,settings_employee_amounts,adjustflag,text
airplane,settings_employee_amounts,codelimit,numeric
airplane,settings_employee_amounts,codetype,text
airplane,settings_employee_amounts,consolarnflag,text
airplane,settings_employee_amounts,consolcode,integer
airplane,settings_employee_amounts,currency_code,text
airplane,settings_employee_amounts,description,text
airplane,settings_employee_amounts,manualdisplayind,boolean
airplane,settings_employee_amounts,ordinalno,integer
airplane,settings_employee_amounts,prorataind,boolean
airplane,settings_employee_amounts,qmfdisplayind,boolean
airplane,settings_employee_amounts,taxincasn,text
airplane,settings_employee_amounts,taxtype,text
airplane,settings_employee_amounts,updated_on,timestamp with time zone
airplane,settings_employee_dates,description,text
airplane,settings_employee_dates,ordinalno,integer
airplane,settings_employee_dates,updated_on,timestamp with time zone
airplane,settings_employee_directives,amountordinal,integer
airplane,settings_employee_directives,dateordinal,integer
airplane,settings_employee_directives,ordinalno,integer
airplane,settings_employee_directives,refnoordinal,integer
airplane,settings_employee_directives,sourcecode,integer
airplane,settings_employee_directives,type,text
airplane,settings_employee_directives,updated_on,timestamp with time zone
airplane,settings_employee_precision_amounts,codelimit,numeric
airplane,settings_employee_precision_amounts,codetype,text
airplane,settings_employee_precision_amounts,description,text
airplane,settings_employee_precision_amounts,ordinalno,integer
airplane,settings_employee_precision_amounts,updated_on,timestamp with time zone
airplane,settings_equity,averageremunerationcode,integer
airplane,settings_equity,disableind,integer
airplane,settings_equity,ethnicgrpind,integer
airplane,settings_equity,fixedremunerationcode,integer
airplane,settings_equity,foreignind,integer
airplane,settings_equity,functionind,integer
airplane,settings_equity,highremunerationcode,integer
airplane,settings_equity,incomediffcode,integer
airplane,settings_equity,lowremunerationcode,integer
airplane,settings_equity,medianremunerationcode,integer
airplane,settings_equity,occcatind,integer
airplane,settings_equity,occlevind,integer
airplane,settings_equity,payroll,integer
airplane,settings_equity,permtempind,integer
airplane,settings_equity,statutoryentity,text
airplane,settings_equity,termcodeind,integer
airplane,settings_equity,totalremunerationcode,integer
airplane,settings_equity,updated_on,timestamp with time zone
airplane,settings_equity,variableremunerationcode,integer
airplane,settings_fund_coida,cocostcodeend,integer
airplane,settings_fund_coida,cocostcodestart,integer
airplane,settings_fund_coida,directorind,integer
airplane,settings_fund_coida,earnsbalcode,integer
airplane,settings_fund_coida,earnsinkindbalcode,integer
airplane,settings_fund_coida,empassessind,integer
airplane,settings_fund_coida,payroll,integer
airplane,settings_fund_coida,periodsbalcode,integer
airplane,settings_fund_coida,updated_on,timestamp with time zone
airplane,settings_fund_coida,volearnsbalcode,integer
airplane,settings_fund_coida,voleinkbalcode,integer
airplane,settings_fund_coida,volperiodsbalcode,integer
airplane,settings_global,adjustruncount,integer
airplane,settings_global,consolcostflag,boolean
airplane,settings_global,consolflag,boolean
airplane,settings_global,currentiteration,integer
airplane,settings_global,currentrun,integer
airplane,settings_global,currentrundate,date
airplane,settings_global,currenttaxperiod,integer
airplane,settings_global,include3rdpartytrans,boolean
airplane,settings_global,includebatchmastf,boolean
airplane,settings_global,includebatchtrans,boolean
airplane,settings_global,includedelaytrans,boolean
airplane,settings_global,includemanpays,boolean
airplane,settings_global,includeothertrans,boolean
airplane,settings_global,includepermtrans,boolean
airplane,settings_global,interimpayroll,integer
airplane,settings_global,interimtaxtodate,date
airplane,settings_global,interimtaxtoperiod,integer
airplane,settings_global,payroll,integer
airplane,settings_global,permitcostingflag,boolean
airplane,settings_global,systemdate,date
airplane,settings_global,takeonind,boolean
airplane,settings_global,transseqno,integer
airplane,settings_global,updated_on,timestamp with time zone
airplane,settings_global,vatpercentage,numeric
airplane,settings_global,zerorunfflag,boolean
airplane,settings_leave_details,leavebalancecode,integer
airplane,settings_leave_details,leavedesc,text
airplane,settings_leave_details,leaveentitlecode,integer
airplane,settings_leave_details,leaveliabilitycode,integer
airplane,settings_leave_details,leavetakencode,integer
airplane,settings_leave_details,leavetype,text
airplane,settings_leave_details,ordinalno,integer
airplane,settings_leave_details,updated_on,timestamp with time zone
airplane,settings_leave_history_report,duration,integer
airplane,settings_leave_history_report,enddate,date
airplane,settings_leave_history_report,endempno,integer
airplane,settings_leave_history_report,extleavevalstypeb,text
airplane,settings_leave_history_report,filepathname,text
airplane,settings_leave_history_report,includedis,text
airplane,settings_leave_history_report,newpageee,text
airplane,settings_leave_history_report,newpagetype,text
airplane,settings_leave_history_report,nobreaks,integer
airplane,settings_leave_history_report,reportname,text
airplane,settings_leave_history_report,reportno,integer
airplane,settings_leave_history_report,sickleaveaccrcode,integer
airplane,settings_leave_history_report,sickleavecyclecode,integer
airplane,settings_leave_history_report,sickleavestartdatecode,integer
airplane,settings_leave_history_report,sickleavetype,text
airplane,settings_leave_history_report,startdate,date
airplane,settings_leave_history_report,startempno,integer
airplane,settings_leave_history_report,updated_on,timestamp with time zone
airplane,settings_leave_history_report_breaks,breaklegend,text
airplane,settings_leave_history_report_breaks,keyend,integer
airplane,settings_leave_history_report_breaks,keystart,integer
airplane,settings_leave_history_report_breaks,newpageind,boolean
airplane,settings_leave_history_report_breaks,ordinalno,integer
airplane,settings_leave_history_report_breaks,reportno,integer
airplane,settings_leave_history_report_breaks,updated_on,timestamp with time zone
airplane,settings_leave_history_report_type,leavetype,text
airplane,settings_leave_history_report_type,ordinalno,integer
airplane,settings_leave_history_report_type,reportno,integer
airplane,settings_leave_history_report_type,updated_on,timestamp with time zone
airplane,settings_payslip,aopdescription,text
airplane,settings_payslip,bankaccnoind,boolean
airplane,settings_payslip,banknameind,boolean
airplane,settings_payslip,coaddress1,text
airplane,settings_payslip,coaddress2,text
airplane,settings_payslip,coaddress3,text
airplane,settings_payslip,coaddress4,text
airplane,settings_payslip,coaddresscode,text
airplane,settings_payslip,coaddressinfooter,text
airplane,settings_payslip,company_id,integer
airplane,settings_payslip,dependantrebate,numeric
airplane,settings_payslip,firstnamesflag,boolean
airplane,settings_payslip,formlength,integer
airplane,settings_payslip,hidedeductions,boolean
airplane,settings_payslip,hidestatistics,boolean
airplane,settings_payslip,inclmessages,text
airplane,settings_payslip,leave_accum,integer
airplane,settings_payslip,leave_bal,integer
airplane,settings_payslip,leave_days,integer
airplane,settings_payslip,multipagespayslips,text
airplane,settings_payslip,paysliplayout,integer
airplane,settings_payslip,printtaxperiod,text
airplane,settings_payslip,ratea,text
airplane,settings_payslip,ratedopa,text
airplane,settings_payslip,ratedopn,integer
airplane,settings_payslip,ratehopa,text
airplane,settings_payslip,ratehopn,integer
airplane,settings_payslip,ratemopa,text
airplane,settings_payslip,ratemopn,integer
airplane,settings_payslip,raten,integer
airplane,settings_payslip,remittanceflag,boolean
airplane,settings_payslip,ropdescription,text
airplane,settings_payslip,suppresstotals,text
airplane,settings_payslip,totalsflag,boolean
airplane,settings_payslip,totcoexpcode,integer
airplane,settings_payslip,totcoexpcodeytd,integer
airplane,settings_payslip,uopdescription,text
airplane,settings_payslip,updated_on,timestamp with time zone
airplane,settings_payslip,useaddressflag,boolean
airplane,settings_payslip,username,text
airplane,settings_payslip,username2,text
airplane,settings_payslip,vopdescription,text
airplane,settings_payslip_amounts,acol,integer
airplane,settings_payslip_amounts,aopa,text
airplane,settings_payslip_amounts,aopn,integer
airplane,settings_payslip_amounts,arow,integer
airplane,settings_payslip_amounts,ordinalno,integer
airplane,settings_payslip_amounts,ropa,text
airplane,settings_payslip_amounts,ropn,integer
airplane,settings_payslip_amounts,uopa,text
airplane,settings_payslip_amounts,uopn,integer
airplane,settings_payslip_amounts,updated_on,timestamp with time zone
airplane,settings_payslip_amounts,vopa,text
airplane,settings_payslip_amounts,vopn,integer
airplane,settings_payslip_descript,dcol,integer
airplane,settings_payslip_descript,description,text
airplane,settings_payslip_descript,drow,integer
airplane,settings_payslip_descript,ordinalno,integer
airplane,settings_payslip_descript,updated_on,timestamp with time zone
airplane,settings_payslip_message,message,text
airplane,settings_payslip_message,ordinalno,integer
airplane,settings_payslip_message,updated_on,timestamp with time zone
airplane,settings_payslip_user,ordinalno,integer
airplane,settings_payslip_user,updated_on,timestamp with time zone
airplane,settings_payslip_user,userdescr,text
airplane,settings_payslip_user,userfield,text
airplane,settings_payslip_user,userliteral,text
airplane,settings_payslip_user,useroccur,integer
airplane,settings_report,alphadelimiter,text
airplane,settings_report,blanklinesafterdetail,integer
airplane,settings_report,blanklinesafterhead,integer
airplane,settings_report,dontprintpayhdr,text
airplane,settings_report,eecount,text
airplane,settings_report,eecounttotalid,integer
airplane,settings_report,eenewpage,text
airplane,settings_report,extractheaders,text
airplane,settings_report,extractinclbreakvals,text
airplane,settings_report,extractrectype,text
airplane,settings_report,extracttotals,text
airplane,settings_report,filename,text
airplane,settings_report,finaltotals,text
airplane,settings_report,finaltotalslegend,text
airplane,settings_report,finaltotalsnewpage,text
airplane,settings_report,histdateopt,text
airplane,settings_report,histfixenddate,date
airplane,settings_report,histfixstartdate,date
airplane,settings_report,histinclhhead,text
airplane,settings_report,histmonths,integer
airplane,settings_report,histperiodopt,text
airplane,settings_report,histreport,text
airplane,settings_report,histstendopt,text
airplane,settings_report,histyearopt,text
airplane,settings_report,includemanualpayments,text
airplane,settings_report,includerundata,text
airplane,settings_report,includezeropaycurrentees,text
airplane,settings_report,includezeropayterminations,text
airplane,settings_report,noofdetaillines,integer
airplane,settings_report,noofheadinglines,integer
airplane,settings_report,nooftotallines,integer
airplane,settings_report,papersize,text
airplane,settings_report,payroll,integer
airplane,settings_report,printorientation,text
airplane,settings_report,reportname,text
airplane,settings_report,reportno,integer
airplane,settings_report,signnegative,text
airplane,settings_report,signpos,text
airplane,settings_report,signpositive,text
airplane,settings_report,spacefillzerodetails,boolean
airplane,settings_report,spacefillzerototals,boolean
airplane,settings_report,summaryreport,boolean
airplane,settings_report,suppresszerolines,boolean
airplane,settings_report,updated_on,timestamp with time zone
airplane,settings_report,usealtdescr,boolean
airplane,settings_report,watermark,boolean
airplane,settings_report_breaks,breakflag,boolean
airplane,settings_report_breaks,breakinterpret,text
airplane,settings_report_breaks,breakset,integer
airplane,settings_report_breaks,keyend,integer
airplane,settings_report_breaks,keystart,integer
airplane,settings_report_breaks,legend,text
airplane,settings_report_breaks,newpage,text
airplane,settings_report_breaks,opa,text
airplane,settings_report_breaks,opn,integer
airplane,settings_report_breaks,ordinalno,integer
airplane,settings_report_breaks,payroll,integer
airplane,settings_report_breaks,reportno,integer
airplane,settings_report_breaks,updated_on,timestamp with time zone
airplane,settings_report_calcs,calctime,integer
airplane,settings_report_calcs,indno,integer
airplane,settings_report_calcs,indval,text
airplane,settings_report_calcs,op1a,text
airplane,settings_report_calcs,op1n,integer
airplane,settings_report_calcs,op2a,text
airplane,settings_report_calcs,op2n,integer
airplane,settings_report_calcs,op3a,text
airplane,settings_report_calcs,op3n,integer
airplane,settings_report_calcs,opcode,text
airplane,settings_report_calcs,ordinalno,integer
airplane,settings_report_calcs,reportno,integer
airplane,settings_report_calcs,updated_on,timestamp with time zone
airplane,settings_report_details,altdescr,text
airplane,settings_report_details,description,text
airplane,settings_report_details,editoption,text
airplane,settings_report_details,extractascredit,text
airplane,settings_report_details,extractlinesplit,integer
airplane,settings_report_details,extracttofile,text
airplane,settings_report_details,length,integer
airplane,settings_report_details,lineno,integer
airplane,settings_report_details,literal,text
airplane,settings_report_details,opa,text
airplane,settings_report_details,opn,integer
airplane,settings_report_details,ordinalno,integer
airplane,settings_report_details,printpos,integer
airplane,settings_report_details,repliteral,text
airplane,settings_report_details,reportno,integer
airplane,settings_report_details,signed,text
airplane,settings_report_details,suppressifblank,text
airplane,settings_report_details,total,text
airplane,settings_report_details,totalid,integer
airplane,settings_report_details,updated_on,timestamp with time zone
airplane,settings_report_headings,extracttofile,text
airplane,settings_report_headings,heading,text
airplane,settings_report_headings,length,integer
airplane,settings_report_headings,lineno,integer
airplane,settings_report_headings,ordinalno,integer
airplane,settings_report_headings,printpos,integer
airplane,settings_report_headings,repliteral,text
airplane,settings_report_headings,reportno,integer
airplane,settings_report_headings,updated_on,timestamp with time zone
airplane,settings_report_history,description,text
airplane,settings_report_history,ordinalno,integer
airplane,settings_report_history,reportno,integer
airplane,settings_report_history,updated_on,timestamp with time zone
airplane,settings_report_storage,datatype,text
airplane,settings_report_storage,defaultvalue,text
airplane,settings_report_storage,description,text
airplane,settings_report_storage,ordinalno,integer
airplane,settings_report_storage,reportno,integer
airplane,settings_report_storage,updated_on,timestamp with time zone
airplane,settings_report_totald,description,text
airplane,settings_report_totald,ordinalno,integer
airplane,settings_report_totald,reportno,integer
airplane,settings_report_totald,updated_on,timestamp with time zone
airplane,settings_report_totals,altdescr,text
airplane,settings_report_totals,breaklegend,text
airplane,settings_report_totals,breakval,text
airplane,settings_report_totals,editoption,text
airplane,settings_report_totals,extractascredit,text
airplane,settings_report_totals,extractlinesplit,integer
airplane,settings_report_totals,extracttofile,text
airplane,settings_report_totals,length,integer
airplane,settings_report_totals,lineno,integer
airplane,settings_report_totals,literal,text
airplane,settings_report_totals,ordinalno,integer
airplane,settings_report_totals,printpos,integer
airplane,settings_report_totals,repliteral,text
airplane,settings_report_totals,reportno,integer
airplane,settings_report_totals,signed,text
airplane,settings_report_totals,totalid,integer
airplane,settings_report_totals,updated_on,timestamp with time zone
airplane,settings_report_variables,description,text
airplane,settings_report_variables,lineno,integer
airplane,settings_report_variables,linkordno,integer
airplane,settings_report_variables,opa,text
airplane,settings_report_variables,opn,integer
airplane,settings_report_variables,templateno,integer
airplane,settings_report_variables,textvalue,text
airplane,settings_report_variables,updated_on,timestamp with time zone
airplane,settings_report_variables,vartype,text
airplane,settings_split_payment_code,splitpaycode,integer
airplane,settings_split_payment_code,updated_on,timestamp with time zone
airplane,settings_tax_certificate_bwa_blocks,blockdescription,text
airplane,settings_tax_certificate_bwa_blocks,ordinalno,integer
airplane,settings_tax_certificate_bwa_blocks,payroll,integer
airplane,settings_tax_certificate_bwa_blocks,updated_on,timestamp with time zone
airplane,settings_tax_certificate_bwa_botswana,employmentref,integer
airplane,settings_tax_certificate_bwa_botswana,heading1,text
airplane,settings_tax_certificate_bwa_botswana,heading2,text
airplane,settings_tax_certificate_bwa_botswana,heading3,text
airplane,settings_tax_certificate_bwa_botswana,heading4,text
airplane,settings_tax_certificate_bwa_botswana,heading5,text
airplane,settings_tax_certificate_bwa_botswana,payroll,integer
airplane,settings_tax_certificate_bwa_botswana,updated_on,timestamp with time zone
airplane,settings_tax_certificate_bwa_calcs,op1a,text
airplane,settings_tax_certificate_bwa_calcs,op1n,integer
airplane,settings_tax_certificate_bwa_calcs,op2n,integer
airplane,settings_tax_certificate_bwa_calcs,opcode,text
airplane,settings_tax_certificate_bwa_calcs,ordinalno,integer
airplane,settings_tax_certificate_bwa_calcs,payroll,integer
airplane,settings_tax_certificate_bwa_calcs,updated_on,timestamp with time zone
airplane,settings_tax_certificate_lso_calcs,op1a,text
airplane,settings_tax_certificate_lso_calcs,op1n,integer
airplane,settings_tax_certificate_lso_calcs,op2n,integer
airplane,settings_tax_certificate_lso_calcs,opcode,text
airplane,settings_tax_certificate_lso_calcs,ordinalno,integer
airplane,settings_tax_certificate_lso_calcs,payroll,integer
airplane,settings_tax_certificate_lso_calcs,updated_on,timestamp with time zone
airplane,settings_tax_certificate_lso_header,headera,text
airplane,settings_tax_certificate_lso_header,headerb,text
airplane,settings_tax_certificate_lso_header,ordinalno,integer
airplane,settings_tax_certificate_lso_header,payroll,integer
airplane,settings_tax_certificate_lso_header,updated_on,timestamp with time zone
airplane,settings_tax_certificate_lso_lesotho,coccend,integer
airplane,settings_tax_certificate_lso_lesotho,coccstart,integer
airplane,settings_tax_certificate_lso_lesotho,designation,integer
airplane,settings_tax_certificate_lso_lesotho,maritalstatusind,integer
airplane,settings_tax_certificate_lso_lesotho,multicoind,boolean
airplane,settings_tax_certificate_lso_lesotho,payroll,integer
airplane,settings_tax_certificate_lso_lesotho,spousenamerefno,integer
airplane,settings_tax_certificate_lso_lesotho,statusdivorced,text
airplane,settings_tax_certificate_lso_lesotho,statusmarried,text
airplane,settings_tax_certificate_lso_lesotho,statussingle,text
airplane,settings_tax_certificate_lso_lesotho,statuswidowed,text
airplane,settings_tax_certificate_lso_lesotho,taxdedcode,integer
airplane,settings_tax_certificate_lso_lesotho,updated_on,timestamp with time zone
airplane,settings_tax_certificate_swz_calcs,op1a,text
airplane,settings_tax_certificate_swz_calcs,op1n,integer
airplane,settings_tax_certificate_swz_calcs,op2a,text
airplane,settings_tax_certificate_swz_calcs,op2n,integer
airplane,settings_tax_certificate_swz_calcs,opcode,text
airplane,settings_tax_certificate_swz_calcs,ordinalno,integer
airplane,settings_tax_certificate_swz_calcs,payroll,integer
airplane,settings_tax_certificate_swz_calcs,updated_on,timestamp with time zone
airplane,settings_tax_certificate_swz_eswatini,classindno,integer
airplane,settings_tax_certificate_swz_eswatini,gradetaxnumberopa,text
airplane,settings_tax_certificate_swz_eswatini,gradetaxnumberopn,integer
airplane,settings_tax_certificate_swz_eswatini,payroll,integer
airplane,settings_tax_certificate_swz_eswatini,updated_on,timestamp with time zone
airplane,settings_tax_certificate_swz_header,heading,text
airplane,settings_tax_certificate_swz_header,ordinalno,integer
airplane,settings_tax_certificate_swz_header,payroll,integer
airplane,settings_tax_certificate_swz_header,updated_on,timestamp with time zone
airplane,settings_tax_certificate_zaf_financial,addsub,text
airplane,settings_tax_certificate_zaf_financial,amtcodea,text
airplane,settings_tax_certificate_zaf_financial,amtcoden,integer
airplane,settings_tax_certificate_zaf_financial,clearanceno,integer
airplane,settings_tax_certificate_zaf_financial,company_id,integer
airplane,settings_tax_certificate_zaf_financial,ordinalno,integer
airplane,settings_tax_certificate_zaf_financial,rfind,boolean
airplane,settings_tax_certificate_zaf_financial,sarscode,integer
airplane,settings_tax_certificate_zaf_financial,updated_on,timestamp with time zone
airplane,settings_tax_certificate_zaf_nonfinancial,altidrefno,integer
airplane,settings_tax_certificate_zaf_nonfinancial,altidtypeind,integer
airplane,settings_tax_certificate_zaf_nonfinancial,coindno,integer
airplane,settings_tax_certificate_zaf_nonfinancial,company_id,integer
airplane,settings_tax_certificate_zaf_nonfinancial,cotrustrefno,integer
airplane,settings_tax_certificate_zaf_nonfinancial,eesezrefno,integer
airplane,settings_tax_certificate_zaf_nonfinancial,eesic7refno,integer
airplane,settings_tax_certificate_zaf_nonfinancial,extendibleintfileind,boolean
airplane,settings_tax_certificate_zaf_nonfinancial,irp5mergeclno,text
airplane,settings_tax_certificate_zaf_nonfinancial,irp5timestamp,timestamp with time zone
airplane,settings_tax_certificate_zaf_nonfinancial,irp5year,integer
airplane,settings_tax_certificate_zaf_nonfinancial,it3areasoncodeind,integer
airplane,settings_tax_certificate_zaf_nonfinancial,lastpaydate,date
airplane,settings_tax_certificate_zaf_nonfinancial,multisarscoind,boolean
airplane,settings_tax_certificate_zaf_nonfinancial,natureofpersonind,integer
airplane,settings_tax_certificate_zaf_nonfinancial,sarsccfilepath,text
airplane,settings_tax_certificate_zaf_nonfinancial,sarsccodbcdbname,text
airplane,settings_tax_certificate_zaf_nonfinancial,sarscocodeend,integer
airplane,settings_tax_certificate_zaf_nonfinancial,sarscocodestart,integer
airplane,settings_tax_certificate_zaf_nonfinancial,sarscono,integer
airplane,settings_tax_certificate_zaf_nonfinancial,sarsfileno,integer
airplane,settings_tax_certificate_zaf_nonfinancial,sarsinterimfilepath,text
airplane,settings_tax_certificate_zaf_nonfinancial,sarsparmodbcdbname,text
airplane,settings_tax_certificate_zaf_nonfinancial,updated_on,timestamp with time zone
airplane,settings_tax_certificate_zaf_nonfinancial,voloverdednind,integer
airplane,settings_thirdparty_agents,address1,text
airplane,settings_thirdparty_agents,address2,text
airplane,settings_thirdparty_agents,address3,text
airplane,settings_thirdparty_agents,address4,text
airplane,settings_thirdparty_agents,agentkey,text
airplane,settings_thirdparty_agents,agentname,text
airplane,settings_thirdparty_agents,bankaccountname,text
airplane,settings_thirdparty_agents,bankaccountnumber,text
airplane,settings_thirdparty_agents,bankaccounttype,text
airplane,settings_thirdparty_agents,branchcode,text
airplane,settings_thirdparty_agents,emailaddress,text
airplane,settings_thirdparty_agents,paymode,text
airplane,settings_thirdparty_agents,phonenumber,text
airplane,settings_thirdparty_agents,postcode,text
airplane,settings_thirdparty_agents,updated_on,timestamp with time zone
airplane,settings_thirdparty_codes,balancecode,integer
airplane,settings_thirdparty_codes,dedtype,text
airplane,settings_thirdparty_codes,deleteflag,boolean
airplane,settings_thirdparty_codes,ordinalno,integer
airplane,settings_thirdparty_codes,transactioncode,integer
airplane,settings_thirdparty_codes,updated_on,timestamp with time zone
airplane,settings_thirdparty_dedtype,deddescription,text
airplane,settings_thirdparty_dedtype,dedtype,text
airplane,settings_thirdparty_dedtype,updated_on,timestamp with time zone
airplane,settings_thirdparty_eft,agentkey,text
airplane,settings_thirdparty_eft,agentname,text
airplane,settings_thirdparty_eft,bankaccname,text
airplane,settings_thirdparty_eft,bankaccno,text
airplane,settings_thirdparty_eft,bankacctype,text
airplane,settings_thirdparty_eft,bankname,text
airplane,settings_thirdparty_eft,branchcode,text
airplane,settings_thirdparty_eft,branchname,text
airplane,settings_thirdparty_eft,ordinalno,integer
airplane,settings_thirdparty_eft,referenceno,text
airplane,settings_thirdparty_eft,totalamount,numeric
airplane,settings_thirdparty_eft,updated_on,timestamp with time zone
airplane,settings_user,allowfutureengdates,boolean
airplane,settings_user,amount_decimals,integer
airplane,settings_user,amount_length,integer
airplane,settings_user,banktfrind,integer
airplane,settings_user,batchhashtot,boolean
airplane,settings_user,batchnoautodispind,boolean
airplane,settings_user,batchnoautoind,boolean
airplane,settings_user,batchtotalsind,boolean
airplane,settings_user,batchtotamts,boolean
airplane,settings_user,batchtotchkdigit,boolean
airplane,settings_user,batchtotcode,boolean
airplane,settings_user,batchtotempno,boolean
airplane,settings_user,batchtotrate,boolean
airplane,settings_user,batchtotrateamt,boolean
airplane,settings_user,border_horizontal,integer
airplane,settings_user,border_vertical,integer
airplane,settings_user,checkleavedates,boolean
airplane,settings_user,decimal_separator,text
airplane,settings_user,decimalreductionind,integer
airplane,settings_user,empexclndvalue,boolean
airplane,settings_user,emppermindvalue,boolean
airplane,settings_user,empstatusindno,integer
airplane,settings_user,emptempindvalue,boolean
airplane,settings_user,extratecodea,text
airplane,settings_user,extratecoden,integer
airplane,settings_user,forceleavedatecapture,boolean
airplane,settings_user,header,text
airplane,settings_user,incrementord,integer
airplane,settings_user,interestind,boolean
airplane,settings_user,landscape,boolean
airplane,settings_user,leading_sign,boolean
airplane,settings_user,leave_holiday_yr_start,date
airplane,settings_user,leavesystemind,boolean
airplane,settings_user,lvecalciteration,integer
airplane,settings_user,mancalciteration,integer
airplane,settings_user,minageemployment,integer
airplane,settings_user,multicostind,boolean
airplane,settings_user,multirateind,boolean
airplane,settings_user,negative_sign,text
airplane,settings_user,paper_size,text
airplane,settings_user,partpayind,boolean
airplane,settings_user,payreversalind,boolean
airplane,settings_user,payroll,integer
airplane,settings_user,point_size_base,numeric
airplane,settings_user,point_size_bold,numeric
airplane,settings_user,positive_sign,text
airplane,settings_user,prodbonusglobaltbl,integer
airplane,settings_user,prtsurnameonexception,boolean
airplane,settings_user,ratelimit,numeric
airplane,settings_user,revcalciteration,integer
airplane,settings_user,ruadvancecode,integer
airplane,settings_user,ruamount,numeric
airplane,settings_user,rurecoverycode,integer
airplane,settings_user,standardhrscode,integer
airplane,settings_user,stoppay,boolean
airplane,settings_user,thousand_separator,text
airplane,settings_user,tranentrydateind,boolean
airplane,settings_user,tranfcostcodesflag,boolean
airplane,settings_user,updated_on,timestamp with time zone
airplane,settings_zaf_sars_company,ad1_unit,text
airplane,settings_zaf_sars_company,ad2_complex,text
airplane,settings_zaf_sars_company,ad3_streetno,text
airplane,settings_zaf_sars_company,ad4_streetname,text
airplane,settings_zaf_sars_company,ad5_suburb,text
airplane,settings_zaf_sars_company,ad6_town,text
airplane,settings_zaf_sars_company,ad7_postcode,text
airplane,settings_zaf_sars_company,ad8_countrycode,text
airplane,settings_zaf_sars_company,certificatestartno,integer
airplane,settings_zaf_sars_company,certprefix,text
airplane,settings_zaf_sars_company,company_id,integer
airplane,settings_zaf_sars_company,contactcellno,text
airplane,settings_zaf_sars_company,contactemail,text
airplane,settings_zaf_sars_company,contactfaxno,text
airplane,settings_zaf_sars_company,contactno,text
airplane,settings_zaf_sars_company,contactperson,text
airplane,settings_zaf_sars_company,contactposition,text
airplane,settings_zaf_sars_company,contactsurname,text
airplane,settings_zaf_sars_company,filepathname,text
airplane,settings_zaf_sars_company,indemnityind,boolean
airplane,settings_zaf_sars_company,payereference,text
airplane,settings_zaf_sars_company,sdlreference,text
airplane,settings_zaf_sars_company,sezcode,text
airplane,settings_zaf_sars_company,sic7code,text
airplane,settings_zaf_sars_company,tradeclassification,integer
airplane,settings_zaf_sars_company,uifreference,text
airplane,settings_zaf_sars_company,updated_on,timestamp with time zone
airplane,settings_zaf_sars_company_values,scvccvalue,text
airplane,settings_zaf_sars_company_values,scvsarsalpha,text
airplane,settings_zaf_sars_company_values,scvsarscono,integer
airplane,settings_zaf_sars_company_values,scvsarsfileno,integer
airplane,settings_zaf_sars_company_values,updated_on,timestamp with time zone
airplane,settings_zaf_sars_file,addr1,text
airplane,settings_zaf_sars_file,addr2,text
airplane,settings_zaf_sars_file,addr3,text
airplane,settings_zaf_sars_file,addr4,text
airplane,settings_zaf_sars_file,altcontacttelno,text
airplane,settings_zaf_sars_file,contactname,text
airplane,settings_zaf_sars_file,contacttelno,text
airplane,settings_zaf_sars_file,creatorsname,text
airplane,settings_zaf_sars_file,creatorsno,text
airplane,settings_zaf_sars_file,genno,integer
airplane,settings_zaf_sars_file,mediumsize,numeric
airplane,settings_zaf_sars_file,postalcode,text
airplane,settings_zaf_sars_file,sarsfilepathname,text
airplane,settings_zaf_sars_file,sarsparmfileno,integer
airplane,settings_zaf_sars_file,updated_on,timestamp with time zone
airplane,settings_zaf_sars_file_sort,ordinalno,integer
airplane,settings_zaf_sars_file_sort,sarsparmfileno,integer
airplane,settings_zaf_sars_file_sort,sortend,integer
airplane,settings_zaf_sars_file_sort,sortopa,text
airplane,settings_zaf_sars_file_sort,sortopn,integer
airplane,settings_zaf_sars_file_sort,sortstart,integer
airplane,settings_zaf_sars_file_sort,updated_on,timestamp with time zone
airplane,settings_zaf_uif,bankacctypeind,integer
airplane,settings_zaf_uif,earningsuifcode,integer
airplane,settings_zaf_uif,eepercentreg,integer
airplane,settings_zaf_uif,employstatuscode,integer
airplane,settings_zaf_uif,erpercentreg,integer
airplane,settings_zaf_uif,extendibleintfileind,boolean
airplane,settings_zaf_uif,multiuifcoind,boolean
airplane,settings_zaf_uif,othernoopa,text
airplane,settings_zaf_uif,othernoopn,integer
airplane,settings_zaf_uif,payroll,integer
airplane,settings_zaf_uif,reasonnoncontribcode,integer
airplane,settings_zaf_uif,uifccfilepath,text
airplane,settings_zaf_uif,uifcocodeend,integer
airplane,settings_zaf_uif,uifcocodestart,integer
airplane,settings_zaf_uif,uifcono,integer
airplane,settings_zaf_uif,uifcoodbc,text
airplane,settings_zaf_uif,uifcountryind,integer
airplane,settings_zaf_uif,uifeecontribcode,integer
airplane,settings_zaf_uif,uifercontribcode,integer
airplane,settings_zaf_uif,uiffileno,integer
airplane,settings_zaf_uif,uiffileodbc,text
airplane,settings_zaf_uif,uifgrstaxremuncode,integer
airplane,settings_zaf_uif,uifinterimfilepath,text
airplane,settings_zaf_uif,uiflimitreg,integer
airplane,settings_zaf_uif,uifmonth,integer
airplane,settings_zaf_uif,uifmonthlylimit,numeric
airplane,settings_zaf_uif,uiftimestamp,timestamp with time zone
airplane,settings_zaf_uif,uifyear,integer
airplane,settings_zaf_uif,updated_on,timestamp with time zone
airplane,settings_zaf_uif_calcs,op1a,text
airplane,settings_zaf_uif_calcs,op1n,integer
airplane,settings_zaf_uif_calcs,op2n,integer
airplane,settings_zaf_uif_calcs,opcode,text
airplane,settings_zaf_uif_calcs,ordinalno,integer
airplane,settings_zaf_uif_calcs,payroll,integer
airplane,settings_zaf_uif_calcs,updated_on,timestamp with time zone
airplane,settings_zaf_uif_company,contactemail,text
airplane,settings_zaf_uif_company,taxno,text
airplane,settings_zaf_uif_company,tradingname,text
airplane,settings_zaf_uif_company,uifcono,integer
airplane,settings_zaf_uif_company,uifno,integer
airplane,settings_zaf_uif_company,updated_on,timestamp with time zone
airplane,settings_zaf_uif_file,contactemail,text
airplane,settings_zaf_uif_file,contactname,text
airplane,settings_zaf_uif_file,contacttelno,text
airplane,settings_zaf_uif_file,creatorsname,text
airplane,settings_zaf_uif_file,creatorsno,integer
airplane,settings_zaf_uif_file,fileno,integer
airplane,settings_zaf_uif_file,genno,integer
airplane,settings_zaf_uif_file,mediumsize,numeric
airplane,settings_zaf_uif_file,uiffilepathname,text
airplane,settings_zaf_uif_file,updated_on,timestamp with time zone
airplane,settings_zaf_uif_file_sort,fileno,integer
airplane,settings_zaf_uif_file_sort,ordinalno,integer
airplane,settings_zaf_uif_file_sort,sortend,integer
airplane,settings_zaf_uif_file_sort,sortopa,text
airplane,settings_zaf_uif_file_sort,sortopn,integer
airplane,settings_zaf_uif_file_sort,sortstart,integer
airplane,settings_zaf_uif_file_sort,updated_on,timestamp with time zone
airplane,transaction_control,lastbatch,integer
airplane,transaction_control,mergebatchstart,integer
airplane,transaction_control,payroll,integer
airplane,transaction_control,updated_on,timestamp with time zone
airplane,validation_global,adjustruncount,integer
airplane,validation_global,consolcostflag,boolean
airplane,validation_global,consolflag,boolean
airplane,validation_global,currentiteration,integer
airplane,validation_global,currentrun,integer
airplane,validation_global,currentrundate,date
airplane,validation_global,currenttaxperiod,integer
airplane,validation_global,include3rdpartytrans,boolean
airplane,validation_global,includebatchmastf,boolean
airplane,validation_global,includebatchtrans,boolean
airplane,validation_global,includedelaytrans,boolean
airplane,validation_global,includemanpays,boolean
airplane,validation_global,includeothertrans,boolean
airplane,validation_global,includepermtrans,boolean
airplane,validation_global,interimpayroll,integer
airplane,validation_global,interimtaxtodate,date
airplane,validation_global,interimtaxtoperiod,integer
airplane,validation_global,payroll,integer
airplane,validation_global,permitcostingflag,boolean
airplane,validation_global,systemdate,date
airplane,validation_global,takeonind,boolean
airplane,validation_global,transseqno,integer
airplane,validation_global,updated_on,timestamp with time zone
airplane,validation_global,vatpercentage,numeric
airplane,validation_global,zerorunfflag,boolean
airplane,zaf_sars_print,breakvalue,text
airplane,zaf_sars_print,groupfield,text
airplane,zaf_sars_print,groupfieldheader,text
airplane,zaf_sars_print,groupfieldheader2,text
airplane,zaf_sars_print,groupfieldheader3,text
airplane,zaf_sars_print,linenumber,integer
airplane,zaf_sars_print,pageno,integer
airplane,zaf_sars_print,printline,text
airplane,zaf_sars_print,updated_on,timestamp with time zone
airplane,zaf_sars_work,employeeno,integer
airplane,zaf_sars_work,firstnames,text
airplane,zaf_sars_work,initials,text
airplane,zaf_sars_work,irp5no,text
airplane,zaf_sars_work,selected,boolean
airplane,zaf_sars_work,surname,text
airplane,zaf_sars_work,updated_on,timestamp with time zone
pipro,__migrations,applied_at,text
pipro,__migrations,checksum,text
pipro,__migrations,name,text
pipro,employee_cost,birthdate,date
pipro,employee_cost,category,text
pipro,employee_cost,dischargedate,date
pipro,employee_cost,employeeid,text
pipro,employee_cost,employeeno,integer
pipro,employee_cost,engagedate,date
pipro,employee_cost,gender,text
pipro,employee_cost,initials,text
pipro,employee_cost,occupation,text
pipro,employee_cost,payroll,integer
pipro,employee_cost,stoppay,boolean
pipro,employee_cost,surname,text
pipro,employee_cost,taxcode,text
pipro,employee_cost,taxdependants,integer
pipro,employee_cost,updated_on,timestamp with time zone
pipro,employee_cost_alpha,employeeno,integer
pipro,employee_cost_alpha,ordinalno,integer
pipro,employee_cost_alpha,reference,text
pipro,employee_cost_alpha,updated_on,timestamp with time zone
pipro,employee_cost_amounts,amount,numeric
pipro,employee_cost_amounts,costcode,text
pipro,employee_cost_amounts,employeeno,integer
pipro,employee_cost_amounts,ordinalno,integer
pipro,employee_cost_amounts,updated_on,timestamp with time zone
pipro,employee_cost_dates,datevalue,date
pipro,employee_cost_dates,employeeno,integer
pipro,employee_cost_dates,ordinalno,integer
pipro,employee_cost_dates,updated_on,timestamp with time zone
pipro,employee_interim,costcode,text
pipro,employee_interim,employeeno,integer
pipro,employee_interim,updated_on,timestamp with time zone
pipro,employee_interim,user_id,text
pipro,employee_interim_items,employeeno,integer
pipro,employee_interim_items,ordinalno,integer
pipro,employee_interim_items,qmfcode,integer
pipro,employee_interim_items,updated_on,timestamp with time zone
pipro,employee_leave_transact,amount,numeric
pipro,employee_leave_transact,autonumber,integer
pipro,employee_leave_transact,batch,integer
pipro,employee_leave_transact,classno,integer
pipro,employee_leave_transact,code,integer
pipro,employee_leave_transact,costcode,text
pipro,employee_leave_transact,employeeno,integer
pipro,employee_leave_transact,leavefromdate,date
pipro,employee_leave_transact,leaverecind,boolean
pipro,employee_leave_transact,leaveremarks,text
pipro,employee_leave_transact,leavetodate,date
pipro,employee_leave_transact,leavetype,text
pipro,employee_leave_transact,payroll,integer
pipro,employee_leave_transact,rate,numeric
pipro,employee_leave_transact,replaceind,boolean
pipro,employee_leave_transact,transdate,date
pipro,employee_leave_transact,transseqno,integer
pipro,employee_leave_transact,updated_on,timestamp with time zone
pipro,employee_leave_transact,user_id,text
pipro,employee_manual,birthdate,date
pipro,employee_manual,category,text
pipro,employee_manual,costcode,text
pipro,employee_manual,dischargedate,date
pipro,employee_manual,employeeid,text
pipro,employee_manual,employeeno,integer
pipro,employee_manual,engagedate,date
pipro,employee_manual,gender,text
pipro,employee_manual,initials,text
pipro,employee_manual,occupation,text
pipro,employee_manual,payroll,integer
pipro,employee_manual,stoppay,boolean
pipro,employee_manual,surname,text
pipro,employee_manual,taxcode,text
pipro,employee_manual,taxdependants,integer
pipro,employee_manual,updated_on,timestamp with time zone
pipro,employee_manual_accounts,accountcurrency,text
pipro,employee_manual_accounts,accountholderstatus,text
pipro,employee_manual_accounts,accountiban,text
pipro,employee_manual_accounts,accountname,text
pipro,employee_manual_accounts,accountnumber,text
pipro,employee_manual_accounts,accounttype,text
pipro,employee_manual_accounts,branchcode,text
pipro,employee_manual_accounts,employeeno,integer
pipro,employee_manual_accounts,ordinalno,integer
pipro,employee_manual_accounts,paymode,text
pipro,employee_manual_accounts,sarsbankaccount,boolean
pipro,employee_manual_accounts,sourcebankaccount,text
pipro,employee_manual_accounts,splitpaycode,integer
pipro,employee_manual_accounts,updated_on,timestamp with time zone
pipro,employee_manual_alpha,employeeno,integer
pipro,employee_manual_alpha,ordinalno,integer
pipro,employee_manual_alpha,reference,text
pipro,employee_manual_alpha,updated_on,timestamp with time zone
pipro,employee_manual_amounts,amount,numeric
pipro,employee_manual_amounts,employeeno,integer
pipro,employee_manual_amounts,ordinalno,integer
pipro,employee_manual_amounts,seqno,integer
pipro,employee_manual_amounts,updated_on,timestamp with time zone
pipro,employee_manual_dates,datevalue,date
pipro,employee_manual_dates,employeeno,integer
pipro,employee_manual_dates,ordinalno,integer
pipro,employee_manual_dates,updated_on,timestamp with time zone
pipro,employee_manual_messages,employeeno,integer
pipro,employee_manual_messages,ordinalno,integer
pipro,employee_manual_messages,payslipmessage,integer
pipro,employee_manual_messages,updated_on,timestamp with time zone
pipro,employee_multicost_transact,amount,numeric
pipro,employee_multicost_transact,autonumber,integer
pipro,employee_multicost_transact,code,integer
pipro,employee_multicost_transact,costcode,text
pipro,employee_multicost_transact,employeeno,integer
pipro,employee_multicost_transact,payroll,integer
pipro,employee_multicost_transact,updated_on,timestamp with time zone
pipro,employee_negative,birthdate,date
pipro,employee_negative,category,text
pipro,employee_negative,costcode,text
pipro,employee_negative,dischargedate,date
pipro,employee_negative,employeeid,text
pipro,employee_negative,employeeno,integer
pipro,employee_negative,engagedate,date
pipro,employee_negative,gender,text
pipro,employee_negative,initials,text
pipro,employee_negative,occupation,text
pipro,employee_negative,payroll,integer
pipro,employee_negative,stoppay,boolean
pipro,employee_negative,surname,text
pipro,employee_negative,taxcode,text
pipro,employee_negative,taxdependants,integer
pipro,employee_negative,updated_on,timestamp with time zone
pipro,employee_negative_accounts,accountcurrency,text
pipro,employee_negative_accounts,accountholderstatus,text
pipro,employee_negative_accounts,accountiban,text
pipro,employee_negative_accounts,accountname,text
pipro,employee_negative_accounts,accountnumber,text
pipro,employee_negative_accounts,accounttype,text
pipro,employee_negative_accounts,branchcode,text
pipro,employee_negative_accounts,employeeno,integer
pipro,employee_negative_accounts,ordinalno,integer
pipro,employee_negative_accounts,paymode,text
pipro,employee_negative_accounts,sarsbankaccount,boolean
pipro,employee_negative_accounts,sourcebankaccount,text
pipro,employee_negative_accounts,splitpaycode,integer
pipro,employee_negative_accounts,updated_on,timestamp with time zone
pipro,employee_negative_alpha,employeeno,integer
pipro,employee_negative_alpha,ordinalno,integer
pipro,employee_negative_alpha,reference,text
pipro,employee_negative_alpha,updated_on,timestamp with time zone
pipro,employee_negative_amounts,amount,numeric
pipro,employee_negative_amounts,employeeno,integer
pipro,employee_negative_amounts,ordinalno,integer
pipro,employee_negative_amounts,updated_on,timestamp with time zone
pipro,employee_negative_amounts,usageid,integer
pipro,employee_negative_dates,datevalue,date
pipro,employee_negative_dates,employeeno,integer
pipro,employee_negative_dates,ordinalno,integer
pipro,employee_negative_dates,updated_on,timestamp with time zone
pipro,employee_negative_messages,employeeno,integer
pipro,employee_negative_messages,ordinalno,integer
pipro,employee_negative_messages,payslipmessage,integer
pipro,employee_negative_messages,updated_on,timestamp with time zone
pipro,employee_run,birthdate,date
pipro,employee_run,category,text
pipro,employee_run,costcode,text
pipro,employee_run,dischargedate,date
pipro,employee_run,employeeid,text
pipro,employee_run,employeeno,integer
pipro,employee_run,engagedate,date
pipro,employee_run,gender,text
pipro,employee_run,initials,text
pipro,employee_run,occupation,text
pipro,employee_run,payroll,integer
pipro,employee_run,stoppay,boolean
pipro,employee_run,surname,text
pipro,employee_run,taxcode,text
pipro,employee_run,taxdependants,integer
pipro,employee_run,updated_on,timestamp with time zone
pipro,employee_run_accounts,accountcurrency,text
pipro,employee_run_accounts,accountholderstatus,text
pipro,employee_run_accounts,accountiban,text
pipro,employee_run_accounts,accountname,text
pipro,employee_run_accounts,accountnumber,text
pipro,employee_run_accounts,accounttype,text
pipro,employee_run_accounts,branchcode,text
pipro,employee_run_accounts,employeeno,integer
pipro,employee_run_accounts,ordinalno,integer
pipro,employee_run_accounts,paymode,text
pipro,employee_run_accounts,sarsbankaccount,boolean
pipro,employee_run_accounts,sourcebankaccount,text
pipro,employee_run_accounts,splitpaycode,integer
pipro,employee_run_accounts,updated_on,timestamp with time zone
pipro,employee_run_alpha,employeeno,integer
pipro,employee_run_alpha,ordinalno,integer
pipro,employee_run_alpha,reference,text
pipro,employee_run_alpha,updated_on,timestamp with time zone
pipro,employee_run_amounts,amount,numeric
pipro,employee_run_amounts,employeeno,integer
pipro,employee_run_amounts,ordinalno,integer
pipro,employee_run_amounts,updated_on,timestamp with time zone
pipro,employee_run_amounts,usageid,integer
pipro,employee_run_dates,datevalue,date
pipro,employee_run_dates,employeeno,integer
pipro,employee_run_dates,ordinalno,integer
pipro,employee_run_dates,updated_on,timestamp with time zone
pipro,employee_run_messages,employeeno,integer
pipro,employee_run_messages,ordinalno,integer
pipro,employee_run_messages,payslipmessage,integer
pipro,employee_run_messages,updated_on,timestamp with time zone
pipro,employee_validation_negative,birthdate,date
pipro,employee_validation_negative,category,text
pipro,employee_validation_negative,costcode,text
pipro,employee_validation_negative,dischargedate,date
pipro,employee_validation_negative,employeeid,text
pipro,employee_validation_negative,employeeno,integer
pipro,employee_validation_negative,engagedate,date
pipro,employee_validation_negative,gender,text
pipro,employee_validation_negative,initials,text
pipro,employee_validation_negative,occupation,text
pipro,employee_validation_negative,payroll,integer
pipro,employee_validation_negative,stoppay,boolean
pipro,employee_validation_negative,surname,text
pipro,employee_validation_negative,taxcode,text
pipro,employee_validation_negative,taxdependants,integer
pipro,employee_validation_negative,updated_on,timestamp with time zone
pipro,employee_validation_negative_accounts,accountcurrency,text
pipro,employee_validation_negative_accounts,accountholderstatus,text
pipro,employee_validation_negative_accounts,accountiban,text
pipro,employee_validation_negative_accounts,accountname,text
pipro,employee_validation_negative_accounts,accountnumber,text
pipro,employee_validation_negative_accounts,accounttype,text
pipro,employee_validation_negative_accounts,branchcode,text
pipro,employee_validation_negative_accounts,employeeno,integer
pipro,employee_validation_negative_accounts,ordinalno,integer
pipro,employee_validation_negative_accounts,paymode,text
pipro,employee_validation_negative_accounts,sarsbankaccount,boolean
pipro,employee_validation_negative_accounts,sourcebankaccount,text
pipro,employee_validation_negative_accounts,splitpaycode,integer
pipro,employee_validation_negative_accounts,updated_on,timestamp with time zone
pipro,employee_validation_negative_alpha,employeeno,integer
pipro,employee_validation_negative_alpha,ordinalno,integer
pipro,employee_validation_negative_alpha,reference,text
pipro,employee_validation_negative_alpha,updated_on,timestamp with time zone
pipro,employee_validation_negative_amounts,amount,numeric
pipro,employee_validation_negative_amounts,employeeno,integer
pipro,employee_validation_negative_amounts,ordinalno,integer
pipro,employee_validation_negative_amounts,updated_on,timestamp with time zone
pipro,employee_validation_negative_amounts,usageid,integer
pipro,employee_validation_negative_dates,datevalue,date
pipro,employee_validation_negative_dates,employeeno,integer
pipro,employee_validation_negative_dates,ordinalno,integer
pipro,employee_validation_negative_dates,updated_on,timestamp with time zone
pipro,employee_validation_negative_messages,employeeno,integer
pipro,employee_validation_negative_messages,ordinalno,integer
pipro,employee_validation_negative_messages,payslipmessage,integer
pipro,employee_validation_negative_messages,updated_on,timestamp with time zone
pipro,employee_validation_run,birthdate,date
pipro,employee_validation_run,category,text
pipro,employee_validation_run,costcode,text
pipro,employee_validation_run,dischargedate,date
pipro,employee_validation_run,employeeid,text
pipro,employee_validation_run,employeeno,integer
pipro,employee_validation_run,engagedate,date
pipro,employee_validation_run,gender,text
pipro,employee_validation_run,initials,text
pipro,employee_validation_run,occupation,text
pipro,employee_validation_run,payroll,integer
pipro,employee_validation_run,stoppay,boolean
pipro,employee_validation_run,surname,text
pipro,employee_validation_run,taxcode,text
pipro,employee_validation_run,taxdependants,integer
pipro,employee_validation_run,updated_on,timestamp with time zone
pipro,employee_validation_run_accounts,accountcurrency,text
pipro,employee_validation_run_accounts,accountholderstatus,text
pipro,employee_validation_run_accounts,accountiban,text
pipro,employee_validation_run_accounts,accountname,text
pipro,employee_validation_run_accounts,accountnumber,text
pipro,employee_validation_run_accounts,accounttype,text
pipro,employee_validation_run_accounts,branchcode,text
pipro,employee_validation_run_accounts,employeeno,integer
pipro,employee_validation_run_accounts,ordinalno,integer
pipro,employee_validation_run_accounts,paymode,text
pipro,employee_validation_run_accounts,sarsbankaccount,boolean
pipro,employee_validation_run_accounts,sourcebankaccount,text
pipro,employee_validation_run_accounts,splitpaycode,integer
pipro,employee_validation_run_accounts,updated_on,timestamp with time zone
pipro,employee_validation_run_alpha,employeeno,integer
pipro,employee_validation_run_alpha,ordinalno,integer
pipro,employee_validation_run_alpha,reference,text
pipro,employee_validation_run_alpha,updated_on,timestamp with time zone
pipro,employee_validation_run_amounts,amount,numeric
pipro,employee_validation_run_amounts,employeeno,integer
pipro,employee_validation_run_amounts,ordinalno,integer
pipro,employee_validation_run_amounts,updated_on,timestamp with time zone
pipro,employee_validation_run_amounts,usageid,integer
pipro,employee_validation_run_dates,datevalue,date
pipro,employee_validation_run_dates,employeeno,integer
pipro,employee_validation_run_dates,ordinalno,integer
pipro,employee_validation_run_dates,updated_on,timestamp with time zone
pipro,employee_validation_run_messages,employeeno,integer
pipro,employee_validation_run_messages,ordinalno,integer
pipro,employee_validation_run_messages,payslipmessage,integer
pipro,employee_validation_run_messages,updated_on,timestamp with time zone
pipro,migration_map,legacy_company_schema,text
pipro,migration_map,legacy_payroll_number,integer
pipro,migration_map,legacy_payroll_schema,text
pipro,migration_map,target_payroll_id,integer
pipro,migration_map,tenant_slug,text
pipro,pay_run_messages,amount,numeric
pipro,pay_run_messages,autonumber,integer
pipro,pay_run_messages,classno,integer
pipro,pay_run_messages,code,integer
pipro,pay_run_messages,costcode,text
pipro,pay_run_messages,dischind,boolean
pipro,pay_run_messages,employeeno,integer
pipro,pay_run_messages,initials,text
pipro,pay_run_messages,messagefield,text
pipro,pay_run_messages,messagetype,text
pipro,pay_run_messages,op1a,text
pipro,pay_run_messages,op1amount,numeric
pipro,pay_run_messages,op1n,integer
pipro,pay_run_messages,op2a,text
pipro,pay_run_messages,op2amount,numeric
pipro,pay_run_messages,op2n,integer
pipro,pay_run_messages,replaceind,boolean
pipro,pay_run_messages,surname,text
pipro,pay_run_messages,syscode,integer
pipro,pay_run_messages,updated_on,timestamp with time zone
pipro,pay_run_tax_audit,autonumber,integer
pipro,pay_run_tax_audit,breakkey,text
pipro,pay_run_tax_audit,breakkeydescr,text
pipro,pay_run_tax_audit,employeeno,integer
pipro,pay_run_tax_audit,linenr,integer
pipro,pay_run_tax_audit,pagenr,integer
pipro,pay_run_tax_audit,printline,text
pipro,pay_run_tax_audit,reportsection,text
pipro,pay_run_tax_audit,rundate,date
pipro,pay_run_tax_audit,updated_on,timestamp with time zone
pipro,pay_run_totals,code,integer
pipro,pay_run_totals,employeeno,integer
pipro,pay_run_totals,manpaytotal,numeric
pipro,pay_run_totals,payruntotal,numeric
pipro,pay_run_totals,runtype,text
pipro,pay_run_totals,updated_on,timestamp with time zone
pipro,pay_run_trace,employeeno,integer
pipro,pay_run_trace,ordinalno,integer
pipro,pay_run_trace,payroll,integer
pipro,pay_run_trace,runtype,text
pipro,pay_run_trace,traceprint,text
pipro,pay_run_trace,updated_on,timestamp with time zone
pipro,payslips,payroll,integer
pipro,payslips,payslips_datetime,timestamp with time zone
pipro,payslips,payslips_deleted,integer
pipro,payslips,payslips_desc,text
pipro,payslips,payslips_download_link_cre_datetime,timestamp with time zone
pipro,payslips,payslips_download_zip_filename,text
pipro,payslips,payslips_emailed,integer
pipro,payslips,payslips_form_name,text
pipro,payslips,payslips_form_sub,text
pipro,payslips,payslips_id,integer
pipro,payslips,payslips_job_id,text
pipro,payslips,payslips_menu_params,text
pipro,payslips,payslips_menu_ref,text
pipro,payslips,payslips_no_printed,integer
pipro,payslips,payslips_run_date,timestamp with time zone
pipro,payslips,payslips_run_no,integer
pipro,payslips,payslips_server_name,text
pipro,payslips,payslips_sub_dir,text
pipro,payslips,payslips_user,text
pipro,payslips,payslips_user_id,text
pipro,payslips,payslips_wb_id,integer
pipro,payslips,payslips_wb_line_id,integer
pipro,payslips,updated_on,timestamp with time zone
pipro,pipro_core_api_key_permissions,api_key_id,text
pipro,pipro_core_api_key_permissions,permission_key,text
pipro,pipro_core_api_keys,created_at,text
pipro,pipro_core_api_keys,created_by_user_id,integer
pipro,pipro_core_api_keys,expires_at,text
pipro,pipro_core_api_keys,id,text
pipro,pipro_core_api_keys,key_hash,text
pipro,pipro_core_api_keys,key_prefix,text
pipro,pipro_core_api_keys,last_used_at,text
pipro,pipro_core_api_keys,name,text
pipro,pipro_core_api_keys,revoked_at,text
pipro,pipro_core_api_keys,tenant_id,integer
pipro,pipro_core_auth_throttle,attempts,integer
pipro,pipro_core_auth_throttle,bucket_key,text
pipro,pipro_core_auth_throttle,locked_until,text
pipro,pipro_core_auth_throttle,window_start,text
pipro,pipro_core_events,data,text
pipro,pipro_core_events,event_key,text
pipro,pipro_core_events,id,bigint
pipro,pipro_core_events,occurred_at,text
pipro,pipro_core_events,principal_id,integer
pipro,pipro_core_events,principal_type,text
pipro,pipro_core_events,request_ip,text
pipro,pipro_core_events,target_id,text
pipro,pipro_core_events,target_kind,text
pipro,pipro_core_events,tenant_id,integer
pipro,pipro_core_feature_flag_overrides,enabled,integer
pipro,pipro_core_feature_flag_overrides,flag_id,integer
pipro,pipro_core_feature_flag_overrides,id,integer
pipro,pipro_core_feature_flag_overrides,tenant_id,integer
pipro,pipro_core_feature_flag_overrides,updated_at,text
pipro,pipro_core_feature_flags,created_at,text
pipro,pipro_core_feature_flags,description,text
pipro,pipro_core_feature_flags,flag_key,text
pipro,pipro_core_feature_flags,global_enabled,integer
pipro,pipro_core_feature_flags,id,integer
pipro,pipro_core_feature_flags,updated_at,text
pipro,pipro_core_jobs,attempts,integer
pipro,pipro_core_jobs,claimed_at,text
pipro,pipro_core_jobs,created_at,text
pipro,pipro_core_jobs,handler_key,text
pipro,pipro_core_jobs,id,bigint
pipro,pipro_core_jobs,idempotency_key,text
pipro,pipro_core_jobs,last_error,text
pipro,pipro_core_jobs,max_attempts,integer
pipro,pipro_core_jobs,payload,text
pipro,pipro_core_jobs,progress_done,integer
pipro,pipro_core_jobs,progress_total,integer
pipro,pipro_core_jobs,run_at,text
pipro,pipro_core_jobs,status,text
pipro,pipro_core_jobs,tenant_id,integer
pipro,pipro_core_jobs,updated_at,text
pipro,pipro_core_jobs,worker_pid,integer
pipro,pipro_core_mfa_challenges,consumed_at,text
pipro,pipro_core_mfa_challenges,created_at,text
pipro,pipro_core_mfa_challenges,expires_at,text
pipro,pipro_core_mfa_challenges,id,text
pipro,pipro_core_mfa_challenges,token_hash,text
pipro,pipro_core_mfa_challenges,user_id,integer
pipro,pipro_core_notifications,body,text
pipro,pipro_core_notifications,created_at,text
pipro,pipro_core_notifications,id,bigint
pipro,pipro_core_notifications,kind,text
pipro,pipro_core_notifications,link,text
pipro,pipro_core_notifications,read_at,text
pipro,pipro_core_notifications,tenant_id,integer
pipro,pipro_core_notifications,title,text
pipro,pipro_core_notifications,user_id,integer
pipro,pipro_core_password_resets,created_at,text
pipro,pipro_core_password_resets,expires_at,text
pipro,pipro_core_password_resets,id,text
pipro,pipro_core_password_resets,requested_ip,text
pipro,pipro_core_password_resets,token_hash,text
pipro,pipro_core_password_resets,used_at,text
pipro,pipro_core_password_resets,user_id,integer
pipro,pipro_core_pdf_doc_types,allowed_field_namespaces,jsonb
pipro,pipro_core_pdf_doc_types,applies_to_label,text
pipro,pipro_core_pdf_doc_types,code,text
pipro,pipro_core_pdf_doc_types,country_code,character
pipro,pipro_core_pdf_doc_types,created_at,timestamp with time zone
pipro,pipro_core_pdf_doc_types,label,text
pipro,pipro_core_pdf_templates,assets_json,text
pipro,pipro_core_pdf_templates,block_doc,text
pipro,pipro_core_pdf_templates,body_html,text
pipro,pipro_core_pdf_templates,branding_config,text
pipro,pipro_core_pdf_templates,code,character varying
pipro,pipro_core_pdf_templates,created_at,timestamp with time zone
pipro,pipro_core_pdf_templates,created_by_user_id,integer
pipro,pipro_core_pdf_templates,display_name,character varying
pipro,pipro_core_pdf_templates,doc_type_code,text
pipro,pipro_core_pdf_templates,format,character varying
pipro,pipro_core_pdf_templates,id,bigint
pipro,pipro_core_pdf_templates,lifecycle_status,character varying
pipro,pipro_core_pdf_templates,mode,character varying
pipro,pipro_core_pdf_templates,published_at,timestamp with time zone
pipro,pipro_core_pdf_templates,published_by_user_id,integer
pipro,pipro_core_pdf_templates,tenant_id,integer
pipro,pipro_core_pdf_templates,updated_at,timestamp with time zone
pipro,pipro_core_pdf_templates,updated_by_user_id,integer
pipro,pipro_core_pdf_templates,version,integer
pipro,pipro_core_pinned_tenants,pinned_at,text
pipro,pipro_core_pinned_tenants,tenant_id,integer
pipro,pipro_core_pinned_tenants,user_id,integer
pipro,pipro_core_platform_access,granted_at,text
pipro,pipro_core_platform_access,id,bigint
pipro,pipro_core_platform_access,role_slug,text
pipro,pipro_core_platform_access,user_id,integer
pipro,pipro_core_platform_deploy_events,actor,text
pipro,pipro_core_platform_deploy_events,created_at,text
pipro,pipro_core_platform_deploy_events,db_snapshot_path,text
pipro,pipro_core_platform_deploy_events,event_type,text
pipro,pipro_core_platform_deploy_events,from_sha,text
pipro,pipro_core_platform_deploy_events,id,integer
pipro,pipro_core_platform_deploy_events,image_digest,text
pipro,pipro_core_platform_deploy_events,lease_until,text
pipro,pipro_core_platform_deploy_events,message,text
pipro,pipro_core_platform_deploy_events,module_set,text
pipro,pipro_core_platform_deploy_events,service,text
pipro,pipro_core_platform_deploy_events,status,text
pipro,pipro_core_platform_deploy_events,to_sha,text
pipro,pipro_core_platform_deploy_events,updated_at,text
pipro,pipro_core_platform_role_permissions,permission_key,text
pipro,pipro_core_platform_role_permissions,role_slug,text
pipro,pipro_core_platform_roles,created_at,text
pipro,pipro_core_platform_roles,description,text
pipro,pipro_core_platform_roles,display_name,text
pipro,pipro_core_platform_roles,is_system,integer
pipro,pipro_core_platform_roles,slug,text
pipro,pipro_core_role_permissions,permission_key,text
pipro,pipro_core_role_permissions,role_slug,text
pipro,pipro_core_role_permissions,tenant_id,integer
pipro,pipro_core_roles,created_at,text
pipro,pipro_core_roles,description,text
pipro,pipro_core_roles,display_name,text
pipro,pipro_core_roles,is_system,integer
pipro,pipro_core_roles,slug,text
pipro,pipro_core_roles,tenant_id,integer
pipro,pipro_core_scheduled_jobs,created_at,text
pipro,pipro_core_scheduled_jobs,cron_expr,text
pipro,pipro_core_scheduled_jobs,enabled,integer
pipro,pipro_core_scheduled_jobs,handler_key,text
pipro,pipro_core_scheduled_jobs,id,integer
pipro,pipro_core_scheduled_jobs,last_fired_at,text
pipro,pipro_core_scheduled_jobs,payload,text
pipro,pipro_core_scheduled_jobs,tenant_id,integer
pipro,pipro_core_sessions,created_at,text
pipro,pipro_core_sessions,expires_at,text
pipro,pipro_core_sessions,id,text
pipro,pipro_core_sessions,impersonator_user_id,integer
pipro,pipro_core_sessions,ip_address,text
pipro,pipro_core_sessions,last_seen_at,text
pipro,pipro_core_sessions,principal_type,text
pipro,pipro_core_sessions,revoked_at,text
pipro,pipro_core_sessions,token_hash,text
pipro,pipro_core_sessions,user_agent,text
pipro,pipro_core_sessions,user_id,integer
pipro,pipro_core_storage_objects,backend,text
pipro,pipro_core_storage_objects,classification,text
pipro,pipro_core_storage_objects,content_type,text
pipro,pipro_core_storage_objects,created_at,text
pipro,pipro_core_storage_objects,created_by_user_id,integer
pipro,pipro_core_storage_objects,deleted_at,text
pipro,pipro_core_storage_objects,id,bigint
pipro,pipro_core_storage_objects,path,text
pipro,pipro_core_storage_objects,sha256_hex,character
pipro,pipro_core_storage_objects,size_bytes,bigint
pipro,pipro_core_storage_objects,tenant_id,integer
pipro,pipro_core_tenancy_backups,created_at,text
pipro,pipro_core_tenancy_backups,created_by_user_id,integer
pipro,pipro_core_tenancy_backups,error_message,text
pipro,pipro_core_tenancy_backups,id,integer
pipro,pipro_core_tenancy_backups,size_bytes,integer
pipro,pipro_core_tenancy_backups,status,text
pipro,pipro_core_tenancy_backups,storage_path,text
pipro,pipro_core_tenancy_backups,tenant_id,integer
pipro,pipro_core_tenancy_decommission_requests,confirm_count,integer
pipro,pipro_core_tenancy_decommission_requests,decided_at,text
pipro,pipro_core_tenancy_decommission_requests,decided_by_user_id,integer
pipro,pipro_core_tenancy_decommission_requests,id,integer
pipro,pipro_core_tenancy_decommission_requests,reason,text
pipro,pipro_core_tenancy_decommission_requests,requested_at,text
pipro,pipro_core_tenancy_decommission_requests,requested_by_user_id,integer
pipro,pipro_core_tenancy_decommission_requests,status,text
pipro,pipro_core_tenancy_decommission_requests,tenant_id,integer
pipro,pipro_core_tenancy_restore_requests,backup_id,integer
pipro,pipro_core_tenancy_restore_requests,decided_at,text
pipro,pipro_core_tenancy_restore_requests,decided_by_user_id,integer
pipro,pipro_core_tenancy_restore_requests,id,integer
pipro,pipro_core_tenancy_restore_requests,reason,text
pipro,pipro_core_tenancy_restore_requests,requested_at,text
pipro,pipro_core_tenancy_restore_requests,requested_by_user_id,integer
pipro,pipro_core_tenancy_restore_requests,status,text
pipro,pipro_core_tenancy_restore_requests,tenant_id,integer
pipro,pipro_core_tenant_access,granted_at,text
pipro,pipro_core_tenant_access,id,bigint
pipro,pipro_core_tenant_access,role_slug,text
pipro,pipro_core_tenant_access,role_tenant_id,integer
pipro,pipro_core_tenant_access,tenant_id,integer
pipro,pipro_core_tenant_access,user_id,integer
pipro,pipro_core_tenant_modules,country_code,character
pipro,pipro_core_tenant_modules,disabled_at,text
pipro,pipro_core_tenant_modules,disabled_by_user_id,integer
pipro,pipro_core_tenant_modules,disabled_reason,text
pipro,pipro_core_tenant_modules,enabled_at,text
pipro,pipro_core_tenant_modules,enabled_by_user_id,integer
pipro,pipro_core_tenant_modules,id,bigint
pipro,pipro_core_tenant_modules,module_slug,text
pipro,pipro_core_tenant_modules,state_version,text
pipro,pipro_core_tenant_modules,status,text
pipro,pipro_core_tenant_modules,tenant_id,integer
pipro,pipro_core_tenants,country_code,text
pipro,pipro_core_tenants,created_at,text
pipro,pipro_core_tenants,decommissioned_at,text
pipro,pipro_core_tenants,display_name,text
pipro,pipro_core_tenants,id,bigint
pipro,pipro_core_tenants,plan_code,text
pipro,pipro_core_tenants,region,text
pipro,pipro_core_tenants,slug,text
pipro,pipro_core_tenants,status,text
pipro,pipro_core_tenants,timezone,text
pipro,pipro_core_ticket_attachments,content_type,text
pipro,pipro_core_ticket_attachments,created_at,text
pipro,pipro_core_ticket_attachments,id,integer
pipro,pipro_core_ticket_attachments,path,text
pipro,pipro_core_ticket_attachments,sha256_hex,text
pipro,pipro_core_ticket_attachments,size_bytes,integer
pipro,pipro_core_ticket_attachments,ticket_id,integer
pipro,pipro_core_ticket_attachments,uploaded_by_user_id,integer
pipro,pipro_core_ticket_attachments,visibility,text
pipro,pipro_core_ticket_comments,author_user_id,integer
pipro,pipro_core_ticket_comments,body,text
pipro,pipro_core_ticket_comments,created_at,text
pipro,pipro_core_ticket_comments,id,integer
pipro,pipro_core_ticket_comments,ticket_id,integer
pipro,pipro_core_ticket_comments,visibility,text
pipro,pipro_core_tickets,assigned_to_user_id,integer
pipro,pipro_core_tickets,created_at,text
pipro,pipro_core_tickets,created_by_user_id,integer
pipro,pipro_core_tickets,description,text
pipro,pipro_core_tickets,id,integer
pipro,pipro_core_tickets,priority,text
pipro,pipro_core_tickets,resolved_at,text
pipro,pipro_core_tickets,sla_due_at,text
pipro,pipro_core_tickets,status,text
pipro,pipro_core_tickets,subject,text
pipro,pipro_core_tickets,tenant_id,integer
pipro,pipro_core_tickets,updated_at,text
pipro,pipro_core_user_dashboard_layouts,app,text
pipro,pipro_core_user_dashboard_layouts,layout_json,text
pipro,pipro_core_user_dashboard_layouts,tenant_id,integer
pipro,pipro_core_user_dashboard_layouts,updated_at,text
pipro,pipro_core_user_dashboard_layouts,user_id,integer
pipro,pipro_core_users,created_at,text
pipro,pipro_core_users,email,text
pipro,pipro_core_users,first_name,text
pipro,pipro_core_users,id,bigint
pipro,pipro_core_users,is_active,integer
pipro,pipro_core_users,last_name,text
pipro,pipro_core_users,locale,text
pipro,pipro_core_users,mfa_enabled,integer
pipro,pipro_core_users,mfa_secret,text
pipro,pipro_core_users,password_hash,text
pipro,pipro_core_users,preferred_name,text
pipro,pipro_core_users,pseudonymised_at,text
pipro,pipro_core_users,recovery_codes,text
pipro,pipro_core_users,timezone,text
pipro,pipro_core_workflow_definitions,active,integer
pipro,pipro_core_workflow_definitions,code,text
pipro,pipro_core_workflow_definitions,created_at,text
pipro,pipro_core_workflow_definitions,created_by_user_id,integer
pipro,pipro_core_workflow_definitions,display_name,text
pipro,pipro_core_workflow_definitions,entity_type,text
pipro,pipro_core_workflow_definitions,id,bigint
pipro,pipro_core_workflow_definitions,initial_state,text
pipro,pipro_core_workflow_definitions,lifecycle_status,text
pipro,pipro_core_workflow_definitions,scope_filter_json,text
pipro,pipro_core_workflow_definitions,states_json,text
pipro,pipro_core_workflow_definitions,tenant_id,integer
pipro,pipro_core_workflow_definitions,terminal_states_json,text
pipro,pipro_core_workflow_definitions,transitions_json,text
pipro,pipro_core_workflow_events,actor_kind,text
pipro,pipro_core_workflow_events,actor_user_id,integer
pipro,pipro_core_workflow_events,comment,text
pipro,pipro_core_workflow_events,data_json,text
pipro,pipro_core_workflow_events,from_state,text
pipro,pipro_core_workflow_events,id,bigint
pipro,pipro_core_workflow_events,instance_id,integer
pipro,pipro_core_workflow_events,occurred_at,text
pipro,pipro_core_workflow_events,snapshot_ref,text
pipro,pipro_core_workflow_events,tenant_id,integer
pipro,pipro_core_workflow_events,to_state,text
pipro,pipro_core_workflow_instances,closed_at,text
pipro,pipro_core_workflow_instances,created_at,text
pipro,pipro_core_workflow_instances,created_by_user_id,integer
pipro,pipro_core_workflow_instances,current_state,text
pipro,pipro_core_workflow_instances,definition_code,text
pipro,pipro_core_workflow_instances,entity_id,text
pipro,pipro_core_workflow_instances,entity_type,text
pipro,pipro_core_workflow_instances,id,bigint
pipro,pipro_core_workflow_instances,snapshot_ref,text
pipro,pipro_core_workflow_instances,tenant_id,integer
pipro,pipro_core_workflow_instances,updated_at,text
pipro,pipro_core_workflow_pending_approvals,awaiting_state,text
pipro,pipro_core_workflow_pending_approvals,claimed_at,text
pipro,pipro_core_workflow_pending_approvals,claimed_by_user_id,integer
pipro,pipro_core_workflow_pending_approvals,created_at,text
pipro,pipro_core_workflow_pending_approvals,id,bigint
pipro,pipro_core_workflow_pending_approvals,instance_id,integer
pipro,pipro_core_workflow_pending_approvals,required_permission,text
pipro,pipro_core_workflow_pending_approvals,resolved_at,text
pipro,pipro_core_workflow_pending_approvals,status,text
pipro,pipro_core_workflow_pending_approvals,tenant_id,integer
pipro,pipro_payroll_za_invocations,arg,text
pipro,pipro_payroll_za_invocations,hook_name,text
pipro,pipro_payroll_za_invocations,id,bigint
pipro,pipro_payroll_za_invocations,recorded_at,text
pipro,pipro_sars_codes,code,integer
pipro,pipro_sars_codes,default_eti,integer
pipro,pipro_sars_codes,default_inclusion,numeric
pipro,pipro_sars_codes,default_sdl,integer
pipro,pipro_sars_codes,default_uif,integer
pipro,pipro_sars_codes,description,text
pipro,pipro_sars_codes,label,text
pipro,pipro_sars_codes,main_type,text
pipro,pipro_sars_codes,notes,text
pipro,pipro_sars_codes,tax_year_from,text
pipro,pipro_sars_codes,tax_year_to,text
pipro,pre_process_transactions,amount,numeric
pipro,pre_process_transactions,autonumber,integer
pipro,pre_process_transactions,classno,integer
pipro,pre_process_transactions,code,integer
pipro,pre_process_transactions,datevalue,date
pipro,pre_process_transactions,employeeno,integer
pipro,pre_process_transactions,payroll,integer
pipro,pre_process_transactions,replaceind,boolean
pipro,pre_process_transactions,sourceid,text
pipro,pre_process_transactions,transseqno,integer
pipro,pre_process_transactions,updated_on,timestamp with time zone
pipro,pre_process_transactions,user_id,text
pipro,ratef,autonumber,integer
pipro,ratef,code,integer
pipro,ratef,costcode,text
pipro,ratef,datevalue,date
pipro,ratef,description,text
pipro,ratef,effectivedate,date
pipro,ratef,ratevalue,numeric
pipro,ratef,updated_on,timestamp with time zone
pipro,run_history,birthdate,date
pipro,run_history,category,text
pipro,run_history,costcode,text
pipro,run_history,dischargedate,date
pipro,run_history,employeeid,text
pipro,run_history,employeeno,integer
pipro,run_history,engagedate,date
pipro,run_history,gender,text
pipro,run_history,initials,text
pipro,run_history,occupation,text
pipro,run_history,payroll,integer
pipro,run_history,rundate,date
pipro,run_history,runperiod,integer
pipro,run_history,runyear,integer
pipro,run_history,stoppay,boolean
pipro,run_history,surname,text
pipro,run_history,taxcode,text
pipro,run_history,taxdependants,integer
pipro,run_history,updated_on,timestamp with time zone
pipro,run_history_accounts,accountcurrency,text
pipro,run_history_accounts,accountholderstatus,text
pipro,run_history_accounts,accountiban,text
pipro,run_history_accounts,accountname,text
pipro,run_history_accounts,accountnumber,text
pipro,run_history_accounts,accounttype,text
pipro,run_history_accounts,branchcode,text
pipro,run_history_accounts,employeeno,integer
pipro,run_history_accounts,ordinalno,integer
pipro,run_history_accounts,paymode,text
pipro,run_history_accounts,runperiod,integer
pipro,run_history_accounts,runyear,integer
pipro,run_history_accounts,sarsbankaccount,boolean
pipro,run_history_accounts,sourcebankaccount,text
pipro,run_history_accounts,splitpaycode,integer
pipro,run_history_accounts,updated_on,timestamp with time zone
pipro,run_history_alpha,employeeno,integer
pipro,run_history_alpha,ordinalno,integer
pipro,run_history_alpha,reference,text
pipro,run_history_alpha,refname,text
pipro,run_history_alpha,runperiod,integer
pipro,run_history_alpha,runyear,integer
pipro,run_history_alpha,updated_on,timestamp with time zone
pipro,run_history_amounts,amount,numeric
pipro,run_history_amounts,codename,text
pipro,run_history_amounts,codetype,text
pipro,run_history_amounts,employeeno,integer
pipro,run_history_amounts,ordinalno,integer
pipro,run_history_amounts,runperiod,integer
pipro,run_history_amounts,runyear,integer
pipro,run_history_amounts,updated_on,timestamp with time zone
pipro,run_history_amounts,usageid,integer
pipro,run_history_dates,datename,text
pipro,run_history_dates,datevalue,date
pipro,run_history_dates,employeeno,integer
pipro,run_history_dates,ordinalno,integer
pipro,run_history_dates,runperiod,integer
pipro,run_history_dates,runyear,integer
pipro,run_history_dates,updated_on,timestamp with time zone
pipro,settings_apso_tax,apsoind,integer
pipro,settings_apso_tax,payroll,integer
pipro,settings_apso_tax,periodcodeend,integer
pipro,settings_apso_tax,periodcodestart,integer
pipro,settings_apso_tax,updated_on,timestamp with time zone
pipro,settings_auto_ytd,destinationcodea,text
pipro,settings_auto_ytd,destinationcoden,integer
pipro,settings_auto_ytd,ordinalno,integer
pipro,settings_auto_ytd,sourcecodea,text
pipro,settings_auto_ytd,sourcecoden,integer
pipro,settings_auto_ytd,updated_on,timestamp with time zone
pipro,settings_calculations,calccode,integer
pipro,settings_calculations,calcset,integer
pipro,settings_calculations,indsub,integer
pipro,settings_calculations,indval,text
pipro,settings_calculations,op1a,text
pipro,settings_calculations,op1n,integer
pipro,settings_calculations,op1x,text
pipro,settings_calculations,op2a,text
pipro,settings_calculations,op2n,integer
pipro,settings_calculations,op2x,text
pipro,settings_calculations,op3a,text
pipro,settings_calculations,op3n,integer
pipro,settings_calculations,opcode,text
pipro,settings_calculations,ordinalno,integer
pipro,settings_calculations,updated_on,timestamp with time zone
pipro,settings_calendar,clearconcostfind,boolean
pipro,settings_calendar,clearconfind,boolean
pipro,settings_calendar,daysinperiod,numeric
pipro,settings_calendar,ordinalno,integer
pipro,settings_calendar,payperiodfrom,date
pipro,settings_calendar,payperiodto,date
pipro,settings_calendar,rundate,date
pipro,settings_calendar,rundoneind,boolean
pipro,settings_calendar,runinmonth,integer
pipro,settings_calendar,runsinmonth,integer
pipro,settings_calendar,taxmonth,integer
pipro,settings_calendar,taxperiod,integer
pipro,settings_calendar,updated_on,timestamp with time zone
pipro,settings_costing_codes,costingcode,integer
pipro,settings_costing_codes,costingcostcode,text
pipro,settings_costing_codes,costingmethod,text
pipro,settings_costing_codes,ordinalno,integer
pipro,settings_costing_codes,updated_on,timestamp with time zone
pipro,settings_exceptions,mess,text
pipro,settings_exceptions,ordinalno,integer
pipro,settings_exceptions,payroll,integer
pipro,settings_exceptions,updated_on,timestamp with time zone
pipro,settings_fund_mibfa_fields,bankacclimit,numeric
pipro,settings_fund_mibfa_fields,bankaccname,text
pipro,settings_fund_mibfa_fields,bankaccno,text
pipro,settings_fund_mibfa_fields,bankbranchcode,text
pipro,settings_fund_mibfa_fields,bankbranchname,text
pipro,settings_fund_mibfa_fields,bankname,text
pipro,settings_fund_mibfa_fields,bargapprendindno,integer
pipro,settings_fund_mibfa_fields,bargdispeecontrcode,integer
pipro,settings_fund_mibfa_fields,bargdispercontrcode,integer
pipro,settings_fund_mibfa_fields,bargeecontrcode,integer
pipro,settings_fund_mibfa_fields,bargercontrcode,integer
pipro,settings_fund_mibfa_fields,bargscheecontrcode,integer
pipro,settings_fund_mibfa_fields,bargscheeindno,integer
pipro,settings_fund_mibfa_fields,bargschercontrcode,integer
pipro,settings_fund_mibfa_fields,bargtechercontrcode,integer
pipro,settings_fund_mibfa_fields,bargtechindno,integer
pipro,settings_fund_mibfa_fields,bargtempeeindno,integer
pipro,settings_fund_mibfa_fields,extfilemultipayroll,text
pipro,settings_fund_mibfa_fields,extractfilepathname,text
pipro,settings_fund_mibfa_fields,firmaddr1,text
pipro,settings_fund_mibfa_fields,firmaddr2,text
pipro,settings_fund_mibfa_fields,firmaddr3,text
pipro,settings_fund_mibfa_fields,firmaddr4,text
pipro,settings_fund_mibfa_fields,firmcontact,text
pipro,settings_fund_mibfa_fields,firmname,text
pipro,settings_fund_mibfa_fields,firmpostcode,text
pipro,settings_fund_mibfa_fields,firmrefno,text
pipro,settings_fund_mibfa_fields,firmtelno,text
pipro,settings_fund_mibfa_fields,hourlyratecode,integer
pipro,settings_fund_mibfa_fields,leavepaycode,integer
pipro,settings_fund_mibfa_fields,noofshiftscode,integer
pipro,settings_fund_mibfa_fields,noofweekscode,integer
pipro,settings_fund_mibfa_fields,payroll,integer
pipro,settings_fund_mibfa_fields,penseecode,integer
pipro,settings_fund_mibfa_fields,pensercode,integer
pipro,settings_fund_mibfa_fields,pensfundindno,integer
pipro,settings_fund_mibfa_fields,pensfundindval,text
pipro,settings_fund_mibfa_fields,penssalarycode,integer
pipro,settings_fund_mibfa_fields,proveecode,integer
pipro,settings_fund_mibfa_fields,provercode,integer
pipro,settings_fund_mibfa_fields,provfundind,integer
pipro,settings_fund_mibfa_fields,provfundindval,text
pipro,settings_fund_mibfa_fields,sickeecode,integer
pipro,settings_fund_mibfa_fields,sickercode,integer
pipro,settings_fund_mibfa_fields,sickfundindno,integer
pipro,settings_fund_mibfa_fields,union1ind,integer
pipro,settings_fund_mibfa_fields,union2ind,integer
pipro,settings_fund_mibfa_fields,union3ind,integer
pipro,settings_fund_mibfa_fields,unionotherrefno,integer
pipro,settings_fund_mibfa_fields,updated_on,timestamp with time zone
pipro,settings_fund_mibfa_fields,volpenseecode,integer
pipro,settings_fund_mibfa_fields,volpensercode,integer
pipro,settings_fund_mibfa_fields,volproveecode,integer
pipro,settings_fund_mibfa_fields,volprovercode,integer
pipro,settings_fund_mibfa_fields,volsickeecode,integer
pipro,settings_fund_mibfa_fields,volsickercode,integer
pipro,settings_fund_mibfa_fields,wagecatrefno,integer
pipro,settings_fund_mibfa_fields,weekendday,text
pipro,settings_holidays,holidaydate,date
pipro,settings_holidays,holidaytype,text
pipro,settings_holidays,ordinalno,integer
pipro,settings_holidays,updated_on,timestamp with time zone
pipro,settings_payroll_dates,date_d1,date
pipro,settings_payroll_dates,description,text
pipro,settings_payroll_dates,ordinalno,integer
pipro,settings_payroll_dates,updated_on,timestamp with time zone
pipro,settings_payroll_precision_amounts,amount_r,numeric
pipro,settings_payroll_precision_amounts,description,text
pipro,settings_payroll_precision_amounts,ordinalno,integer
pipro,settings_payroll_precision_amounts,updated_on,timestamp with time zone
pipro,settings_rolling_hist_fields,colfieldopa,text
pipro,settings_rolling_hist_fields,colfieldopn,integer
pipro,settings_rolling_hist_fields,datetable,integer
pipro,settings_rolling_hist_fields,ordinalno,integer
pipro,settings_rolling_hist_fields,updated_on,timestamp with time zone
pipro,settings_rolling_history,noofcolumns,integer
pipro,settings_rolling_history,noofrows,integer
pipro,settings_rolling_history,ordinalno,integer
pipro,settings_rolling_history,startqmfcode,integer
pipro,settings_rolling_history,updated_on,timestamp with time zone
pipro,settings_special_runs,include3rdpartytrans,boolean
pipro,settings_special_runs,includebatchmastf,boolean
pipro,settings_special_runs,includebatchtrans,boolean
pipro,settings_special_runs,includedelaytrans,boolean
pipro,settings_special_runs,includemanpays,boolean
pipro,settings_special_runs,includeothertrans,boolean
pipro,settings_special_runs,includepermtrans,boolean
pipro,settings_special_runs,reversaliter,integer
pipro,settings_special_runs,specialrunno,integer
pipro,settings_special_runs,specrunname,text
pipro,settings_special_runs,updated_on,timestamp with time zone
pipro,settings_special_runs,zerorunfflag,boolean
pipro,settings_table_access,endcol,integer
pipro,settings_table_access,endrow,integer
pipro,settings_table_access,in1a,text
pipro,settings_table_access,in1n,integer
pipro,settings_table_access,in2a,text
pipro,settings_table_access,in2n,integer
pipro,settings_table_access,in3a,text
pipro,settings_table_access,in3n,integer
pipro,settings_table_access,ordinalno,integer
pipro,settings_table_access,out1a,text
pipro,settings_table_access,out1n,integer
pipro,settings_table_access,out2a,text
pipro,settings_table_access,out2n,integer
pipro,settings_table_access,out3a,text
pipro,settings_table_access,out3n,integer
pipro,settings_table_access,startcol,integer
pipro,settings_table_access,startrow,integer
pipro,settings_table_access,tablecolor,integer
pipro,settings_table_access,tablename,text
pipro,settings_table_access,tabletype,text
pipro,settings_table_access,updated_on,timestamp with time zone
pipro,settings_table_values,item,numeric
pipro,settings_table_values,ordinalno,integer
pipro,settings_table_values,row,integer
pipro,settings_table_values,updated_on,timestamp with time zone
pipro,settings_taxcodes,addtaxcode,integer
pipro,settings_taxcodes,addtaxytdcode,integer
pipro,settings_taxcodes,basiccode,integer
pipro,settings_taxcodes,bonustaxcode,integer
pipro,settings_taxcodes,bonustaxytdcode,integer
pipro,settings_taxcodes,bonustiytdcode,integer
pipro,settings_taxcodes,currency,integer
pipro,settings_taxcodes,currencycode,text
pipro,settings_taxcodes,gicode,integer
pipro,settings_taxcodes,giytdcode,integer
pipro,settings_taxcodes,medaidcode,integer
pipro,settings_taxcodes,medaidytdcode,integer
pipro,settings_taxcodes,netcode,integer
pipro,settings_taxcodes,noncashgicode,integer
pipro,settings_taxcodes,noncashgiytdcode,integer
pipro,settings_taxcodes,payetaxytdcode,integer
pipro,settings_taxcodes,payetiytdcode,integer
pipro,settings_taxcodes,payroll,integer
pipro,settings_taxcodes,revisedtiytdcode,integer
pipro,settings_taxcodes,rfallowedcode,integer
pipro,settings_taxcodes,rfallowedytdcode,integer
pipro,settings_taxcodes,rfcode,integer
pipro,settings_taxcodes,rfytdcode,integer
pipro,settings_taxcodes,standardticode,integer
pipro,settings_taxcodes,taxadjbalcode,integer
pipro,settings_taxcodes,taxadjcode,integer
pipro,settings_taxcodes,taxcode,integer
pipro,settings_taxcodes,taxcreditannualcode,integer
pipro,settings_taxcodes,taxcreditperiodlcode,integer
pipro,settings_taxcodes,taxytdcode,integer
pipro,settings_taxcodes,ticode,integer
pipro,settings_taxcodes,tiytdcode,integer
pipro,settings_taxcodes,totaldedscode,integer
pipro,settings_taxcodes,updated_on,timestamp with time zone
pipro,settings_taxcodes_cod_congo,currency,integer
pipro,settings_taxcodes_cod_congo,currencycode,text
pipro,settings_taxcodes_cod_congo,drctdrebatevalcode,integer
pipro,settings_taxcodes_cod_congo,drctofincomecode,integer
pipro,settings_taxcodes_cod_congo,drctofincometax,integer
pipro,settings_taxcodes_cod_congo,payroll,integer
pipro,settings_taxcodes_cod_congo,updated_on,timestamp with time zone
pipro,settings_taxcodes_gha_ghana,currency,integer
pipro,settings_taxcodes_gha_ghana,currencycode,text
pipro,settings_taxcodes_gha_ghana,ghanaotbasicpay,integer
pipro,settings_taxcodes_gha_ghana,ghanaottotalinc,integer
pipro,settings_taxcodes_gha_ghana,ghanaovertimecode,integer
pipro,settings_taxcodes_gha_ghana,ghanaovertimetaxcode,integer
pipro,settings_taxcodes_gha_ghana,payroll,integer
pipro,settings_taxcodes_gha_ghana,updated_on,timestamp with time zone
pipro,settings_taxcodes_ken_kenya,currency,integer
pipro,settings_taxcodes_ken_kenya,currencycode,text
pipro,settings_taxcodes_ken_kenya,kenyaelginsuranceprem,integer
pipro,settings_taxcodes_ken_kenya,payroll,integer
pipro,settings_taxcodes_ken_kenya,updated_on,timestamp with time zone
pipro,settings_taxcodes_mus_mauritius,currency,integer
pipro,settings_taxcodes_mus_mauritius,currencycode,text
pipro,settings_taxcodes_mus_mauritius,mauallowededfytd,integer
pipro,settings_taxcodes_mus_mauritius,maualltertiatyedfytd,integer
pipro,settings_taxcodes_mus_mauritius,mauannualedfamtadjcode,integer
pipro,settings_taxcodes_mus_mauritius,mauannualedfcode,integer
pipro,settings_taxcodes_mus_mauritius,mauedfadjappliedytd,integer
pipro,settings_taxcodes_mus_mauritius,mauedfadjustedti,integer
pipro,settings_taxcodes_mus_mauritius,mausolidaritylevycode,integer
pipro,settings_taxcodes_mus_mauritius,mausolidaritylevyytdcode,integer
pipro,settings_taxcodes_mus_mauritius,mautertiarytaxdepcode,integer
pipro,settings_taxcodes_mus_mauritius,mautotalperiodedf,integer
pipro,settings_taxcodes_mus_mauritius,payroll,integer
pipro,settings_taxcodes_mus_mauritius,updated_on,timestamp with time zone
pipro,settings_taxcodes_nam_namibia,currency,integer
pipro,settings_taxcodes_nam_namibia,currencycode,text
pipro,settings_taxcodes_nam_namibia,namibedpolcode,integer
pipro,settings_taxcodes_nam_namibia,namibedpolytdcode,integer
pipro,settings_taxcodes_nam_namibia,namibprovcode,integer
pipro,settings_taxcodes_nam_namibia,namibprovytdcode,integer
pipro,settings_taxcodes_nam_namibia,payroll,integer
pipro,settings_taxcodes_nam_namibia,updated_on,timestamp with time zone
pipro,settings_taxcodes_swz_eswatini,currency,integer
pipro,settings_taxcodes_swz_eswatini,currencycode,text
pipro,settings_taxcodes_swz_eswatini,payroll,integer
pipro,settings_taxcodes_swz_eswatini,swaziapprfundscode,integer
pipro,settings_taxcodes_swz_eswatini,swaziapprfundsytdcode,integer
pipro,settings_taxcodes_swz_eswatini,swazigradedtaxytdcode,integer
pipro,settings_taxcodes_swz_eswatini,swaziprovcode,integer
pipro,settings_taxcodes_swz_eswatini,swaziprovytdcode,integer
pipro,settings_taxcodes_swz_eswatini,swazitotaltaxrebatecode,integer
pipro,settings_taxcodes_swz_eswatini,updated_on,timestamp with time zone
pipro,settings_taxcodes_zwe_zimbabwe,currency,integer
pipro,settings_taxcodes_zwe_zimbabwe,currencycode,text
pipro,settings_taxcodes_zwe_zimbabwe,payroll,integer
pipro,settings_taxcodes_zwe_zimbabwe,updated_on,timestamp with time zone
pipro,settings_taxcodes_zwe_zimbabwe,zimaidslevycode,integer
pipro,settings_taxcodes_zwe_zimbabwe,zimaidslevyytdcode,integer
pipro,settings_taxcodes_zwe_zimbabwe,zimblindanntaxcrcode,integer
pipro,settings_taxcodes_zwe_zimbabwe,zimblindpertaxcrcode,integer
pipro,settings_taxcodes_zwe_zimbabwe,zimblindusedtaxcrcode,integer
pipro,settings_taxcodes_zwe_zimbabwe,zimbonuscode,integer
pipro,settings_taxcodes_zwe_zimbabwe,zimbonustaxfreemaxcode,integer
pipro,settings_taxcodes_zwe_zimbabwe,zimbonusytdcode,integer
pipro,settings_taxcodes_zwe_zimbabwe,zimdisanntaxcrcode,integer
pipro,settings_taxcodes_zwe_zimbabwe,zimdispertaxcrcode,integer
pipro,settings_taxcodes_zwe_zimbabwe,zimdisusedtaxcrcode,integer
pipro,settings_taxcodes_zwe_zimbabwe,zimeldanntaxcrcode,integer
pipro,settings_taxcodes_zwe_zimbabwe,zimeldpertaxcrcode,integer
pipro,settings_taxcodes_zwe_zimbabwe,zimeldusedtaxcrcode,integer
pipro,settings_taxcodes_zwe_zimbabwe,zimmedexpcode,integer
pipro,settings_taxcodes_zwe_zimbabwe,zimmedexpytdcode,integer
pipro,settings_taxcodes_zwe_zimbabwe,zimpensallowedcode,integer
pipro,settings_taxcodes_zwe_zimbabwe,zimprevyrbonuscode,integer
pipro,settings_taxcodes_zwe_zimbabwe,zimsevpaycode,integer
pipro,settings_taxcodes_zwe_zimbabwe,zimsevpaynontxdcode,integer
pipro,settings_taxcodes_zwe_zimbabwe,zimsevpaytaxedcode,integer
pipro,settings_taxcodes_zwe_zimbabwe,zimsevpayytdcode,integer
pipro,settings_taxcodes_zwe_zimbabwe,zimtaxcreditcode,integer
pipro,settings_taxcodes_zwe_zimbabwe,zimtaxcreditretcode,integer
pipro,settings_taxcodes_zwe_zimbabwe,zimtaxcreditusedytdcode,integer
pipro,settings_taxcodes_zwe_zimbabwe,zimyearstartperiod,integer
pipro,settings_user_mli_mali,maliadultdistaxdepcode,integer
pipro,settings_user_mli_mali,payroll,integer
pipro,settings_user_mli_mali,updated_on,timestamp with time zone
pipro,settings_user_nam_namibia,namibtaxregistrationind,integer
pipro,settings_user_nam_namibia,payroll,integer
pipro,settings_user_nam_namibia,updated_on,timestamp with time zone
pipro,settings_user_tax,cumtaxind,boolean
pipro,settings_user_tax,defaulttaxauth,text
pipro,settings_user_tax,marginalbasictaxcode,integer
pipro,settings_user_tax,marginalratecode,integer
pipro,settings_user_tax,marginaltaxcode,integer
pipro,settings_user_tax,noofperiods,integer
pipro,settings_user_tax,noofruns,integer
pipro,settings_user_tax,payeonlyind,integer
pipro,settings_user_tax,payroll,integer
pipro,settings_user_tax,residentind,integer
pipro,settings_user_tax,taxauthoritycountrycode,text
pipro,settings_user_tax,taxauthorityind,integer
pipro,settings_user_tax,taxedtoperiodcode,integer
pipro,settings_user_tax,taxperiodscode,integer
pipro,settings_user_tax,taxtodatecode,integer
pipro,settings_user_tax,updated_on,timestamp with time zone
pipro,settings_user_tax,yearenddate,date
pipro,settings_user_tax,yearendperiod,integer
pipro,settings_user_tax,yearstartdate,date
pipro,settings_user_tax,zerogrosstaxstopind,boolean
pipro,settings_user_zaf_southafrica,eticlaimcode,integer
pipro,settings_user_zaf_southafrica,etihourscode,integer
pipro,settings_user_zaf_southafrica,etiindno,integer
pipro,settings_user_zaf_southafrica,etimonthlyminwagecode,integer
pipro,settings_user_zaf_southafrica,etimonthtodategrosscode,integer
pipro,settings_user_zaf_southafrica,etiwagepaidcode,integer
pipro,settings_user_zaf_southafrica,medaidtaxcrallytdcode,integer
pipro,settings_user_zaf_southafrica,medaidtaxcrytdcode,integer
pipro,settings_user_zaf_southafrica,payroll,integer
pipro,settings_user_zaf_southafrica,skillsleviableamtcode,integer
pipro,settings_user_zaf_southafrica,skillslevycode,integer
pipro,settings_user_zaf_southafrica,skillslevypercentreg,integer
pipro,settings_user_zaf_southafrica,updated_on,timestamp with time zone
pipro,transaction_a,alphacode,text
pipro,transaction_a,amount,numeric
pipro,transaction_a,autonumber,integer
pipro,transaction_a,batchno,text
pipro,transaction_a,classno,integer
pipro,transaction_a,code,integer
pipro,transaction_a,costcode,text
pipro,transaction_a,datevalue,date
pipro,transaction_a,employeeno,integer
pipro,transaction_a,factor,numeric
pipro,transaction_a,incremdate,date
pipro,transaction_a,interimind,boolean
pipro,transaction_a,payroll,integer
pipro,transaction_a,rate,numeric
pipro,transaction_a,remarks,text
pipro,transaction_a,replaceind,boolean
pipro,transaction_a,timevalue,numeric
pipro,transaction_a,updated_on,timestamp with time zone
pipro,transaction_a,user_id,text
pipro,transactions,actionperiod,integer
pipro,transactions,amount,numeric
pipro,transactions,batch,integer
pipro,transactions,classno,integer
pipro,transactions,code,integer
pipro,transactions,costcode,text
pipro,transactions,datevalue,date
pipro,transactions,employeeno,integer
pipro,transactions,factor,numeric
pipro,transactions,flag,boolean
pipro,transactions,incremdate,date
pipro,transactions,interimind,boolean
pipro,transactions,leavefromdate,date
pipro,transactions,leaverecind,boolean
pipro,transactions,leaveremarks,text
pipro,transactions,leavetodate,date
pipro,transactions,leavetype,text
pipro,transactions,line,integer
pipro,transactions,permtempind,boolean
pipro,transactions,rate,numeric
pipro,transactions,recordreplaced,boolean
pipro,transactions,replaceind,boolean
pipro,transactions,transseqno,integer
pipro,transactions,updated_on,timestamp with time zone
pipro,transactions,user_id,text
pipro,transactions2,autonumber,integer
pipro,transactions2,costcode,text
pipro,transactions2,datevalue,date
pipro,transactions2,employeeno,integer
pipro,transactions2,fileind,text
pipro,transactions2,rate,numeric
pipro,transactions2,unitsamount,numeric
pipro,transactions2,unitscode,integer
pipro,transactions2,unitscodea,text
pipro,transactions2,updated_on,timestamp with time zone
pipro,transactions2,valueamount,numeric
pipro,transactions2,valuecode,integer
pipro,transactions2,valuecodea,text
